"text_id","lang","text"
"report_contents","en","Contents"
"report_filter_label","en","Filter rows"
"report_rows_capped","en","Showing {n} of {total} rows; the full list is in {csv_name}."
"preflight_title","en","Pre-flight report"
"preflight_intro","en","Pre-flight checks the specification, never the data. A check that stops prevents the run; a warning lets it continue."
"preflight_summary_title","en","Checks"
"preflight_rows_title","en","Every check and finding"
"preflight_column_rule_id","en","Check"
"preflight_column_description","en","What it checks"
"preflight_column_outcome","en","Outcome"
"preflight_column_file","en","File"
"preflight_column_detail","en","Detail"
"preflight_column_n_findings","en","Findings"
"preflight_column_not_run_reason","en","Not run because"
"preflight_column_source_cell","en","Location"
"preflight_meta_package","en","Package version"
"preflight_meta_files","en","Specification files"
"preflight_blank_value","en","(blank)"
"preflight_outcome_pass","en","Pass"
"preflight_outcome_warn","en","Warning"
"preflight_outcome_stop","en","Stop"
"preflight_outcome_not_run","en","Not run"
"preflight_reason_no_input","en","Its input wasn't given."
"preflight_reason_no_dd_column","en","The dictionary has no column flagging attributes for the lineage spec."
"location_csv","en","{file} line {line}, column {column}"
"location_xlsx","en","cell {cell}"
"location_memory","en","{input} row {row}, column {column}"
"location_band_csv","en","line {line}"
"location_band_memory","en","row {row}"
"position_csv_one","en","line {rows}"
"position_csv_many","en","lines {rows}"
"position_xlsx_one","en","row {rows}"
"position_xlsx_many","en","rows {rows}"
"position_memory_one","en","row {rows} as R counts rows"
"position_memory_many","en","rows {rows} as R counts rows"
"preflight_stop_message","en","Pre-flight stopped: {n_findings} finding(s) from {n_checks} check(s) that stop. The full table is in the error's preflight element."
"preflight_stop_line","en","{rule_id}: {detail}"
"preflight_warning_message","en","Pre-flight found {n_findings} warning(s); see the returned table."
"dd_duplicate_attribute","en","Each table and attribute appears once in the dictionary."
"dd_type_unknown","en","Every dictionary type is in the type map."
"dd_type_column_ambiguous","en","The dictionary has exactly one type column."
"dd_pk_missing","en","Every table has a primary key."
"dd_fk_target_missing","en","Every foreign key names a table of the dictionary that has a primary key."
"code_list_missing","en","Every coded attribute resolves to a code-list sheet or a translation table."
"code_column_missing","en","Every code list has a column to take the codes from."
"code_list_duplicate_code","en","No code repeats within one code column of a code-list sheet."
"code_list_blank_row","en","No code-list sheet has an all-blank row."
"code_list_unreferenced","en","Every code-list sheet is used by an attribute or declared as not a code list."
"code_list_empty_column","en","Every column with a header in a code-list sheet in use holds at least one value."
"spec_clash_resolved","en","Values that differ between two inputs are settled by a precedence row or, for a table, by the dictionary."
"spec_clash_unresolved","en","No value differs between the datasets table and a code-list sheet without a precedence row to settle it."
"datasets_row_missing","en","Every key of a code-list sheet with precedence rows has a row in the datasets table."
"spec_encoding_invalid","en","Every text cell and column name of the specification is valid UTF-8."
"spec_csv_malformed","en","Every specification CSV reads in full: each line has the header's fields and every quote is closed."
"site_id_range_invalid","en","The site-ID bands have filled, whole-number bounds, start at or before they end, don't overlap and carry known labels."
"lineage_spec_unparseable","en","The lineage spec's rows of type id parse, and it covers every flagged attribute for each contributor label."
"lineage_name_unknown","en","Every derived name in a row of type id is an attribute of the dictionary."
"lineage_spec_row_unflagged","en","Every row of the lineage spec is for an attribute the dictionary flags."
"lineage_id_unflagged","en","Every attribute the ID pattern marks is flagged for the lineage spec."
"crosswalk_unreadable","en","Every translation table reads as UTF-8 text."
"preflight_detail_dd_duplicate_attribute","en","{table_name}.{attribute_name} appears {n} times in the dictionary."
"preflight_detail_dd_type_unknown","en","{table_name}.{attribute_name} has type {data_type}, which the type map doesn't list."
"preflight_detail_dd_type_column_ambiguous_none","en","The dictionary has none of the type columns {columns}."
"preflight_detail_dd_type_column_ambiguous_both","en","The dictionary has more than one type column: {columns}."
"preflight_detail_dd_pk_missing","en","Table {table_name} has no primary key."
"preflight_detail_dd_fk_target_missing_table","en","{table_name}.{attribute_name} refers to {reference_table}, which isn't a table of the dictionary."
"preflight_detail_dd_fk_target_missing_pk","en","{table_name}.{attribute_name} refers to {reference_table}, which has no primary key."
"preflight_detail_code_list_missing","en","{table_name}.{attribute_name} names the code list {lookup}, which is neither a sheet nor a translation table."
"preflight_detail_code_column_missing","en","Code list {source_name} has no column that holds the codes for {table_name}.{attribute_name}."
"preflight_detail_code_column_missing_empty","en","Code list {source_name} is an empty sheet, so it has no column for {table_name}.{attribute_name}."
"preflight_detail_code_list_duplicate_code","en","Code {code} appears {n} times in column {column} of sheet {sheet}: {where}."
"preflight_detail_code_list_blank_row","en","Sheet {sheet} has a blank row: {where}."
"preflight_detail_code_list_unreferenced","en","Sheet {sheet} isn't used by any attribute and isn't declared as not a code list."
"preflight_detail_code_list_empty_column","en","Column {column} of sheet {sheet} has a header but no values."
"preflight_detail_spec_clash_resolved_value","en","{column_name} for {key_col} {key_value}: {source_a} has {value_a}, {source_b} has {value_b}; {winner} wins."
"preflight_detail_spec_clash_resolved_placement","en","{key_value} is in table {value_a} in the lineage spec and in table {value_b} in the dictionary; the dictionary's table is used."
"preflight_detail_spec_clash_unresolved","en","{column_name} for {key_col} {key_value}: {source_a} has {value_a}, {source_b} has {value_b}, and no precedence row settles it."
"preflight_detail_spec_clash_unresolved_setup","en","A precedence row names sheet {sheet} with key {key_col}, which the code lists or the datasets table lacks."
"preflight_detail_datasets_row_missing","en","{key_col} {key_value} is in sheet {sheet} but has no row in the datasets table."
"preflight_detail_spec_encoding_invalid","en","Text at {location} isn't valid UTF-8; it is kept as {value}, each bad byte shown as its hex code in angle brackets."
"preflight_detail_spec_encoding_invalid_header","en","The name of column {column} of {input} isn't valid UTF-8; it is kept as {value}, each bad byte shown as its hex code in angle brackets."
"preflight_detail_spec_csv_malformed_fields","en","{file} line {line} doesn't have as many fields as the header ({n}), so it and the lines after it aren't read."
"preflight_detail_spec_csv_malformed_empty","en","{file} is empty."
"preflight_detail_spec_csv_malformed_quote","en","{file} has a quote that isn't closed or doubled as CSV needs, so some cells may not read as written."
"preflight_detail_spec_csv_malformed_unknown","en","Reading {file} gave a warning the package doesn't recognise, so some of its lines may not have been read: {value}."
"preflight_detail_spec_csv_malformed_short","en","{file} has {n} records after its header, but only {n_read} were read."
"preflight_detail_site_id_range_invalid_sheet","en","The bands' sheet {sheet} lacks one or more of the columns {columns}."
"preflight_detail_site_id_range_invalid_bound","en","Band {label} has a bound that isn't a whole number: {value}."
"preflight_detail_site_id_range_invalid_blank_start","en","Band {label} has a blank start."
"preflight_detail_site_id_range_invalid_blank_end","en","Band {label} has a blank end."
"preflight_detail_site_id_range_invalid_blank_label","en","The band at {location} has a blank label."
"preflight_detail_site_id_range_invalid_label","en","Band {label} isn't in column {column} of sheet {sheet} and isn't a reserved label."
"preflight_detail_site_id_range_invalid_order","en","Band {label} starts at {band_start}, after it ends at {band_end}."
"preflight_detail_site_id_range_invalid_overlap","en","Bands {label} ({location}) and {other_label} ({other_location}) overlap."
"preflight_detail_lineage_spec_unparseable_text","en","{contributor_label} {table_name}.{attribute_name}: {source_text} doesn't parse in the lineage spec's notation."
"preflight_detail_lineage_spec_unparseable_type","en","{contributor_label} {table_name}.{attribute_name}: type {spec_type} is neither id nor compiled."
"preflight_detail_lineage_spec_unparseable_row","en","{table_name}.{attribute_name} is flagged for the lineage spec but has no row in it."
"preflight_detail_lineage_spec_unparseable_blank","en","{contributor_label} has no entry for {table_name}.{attribute_name}."
"preflight_detail_lineage_name_unknown","en","{contributor_label} {table_name}.{attribute_name} uses {name}, which isn't an attribute of the dictionary."
"preflight_detail_lineage_spec_row_unflagged","en","The lineage spec has a row for {table_name}.{attribute_name}, which the dictionary doesn't flag."
"preflight_detail_lineage_id_unflagged","en","{table_name}.{attribute_name} matches the ID pattern but the dictionary doesn't flag it for the lineage spec."
"preflight_detail_crosswalk_unreadable_file","en","Translation table {crosswalk} can't be read as a CSV file."
"preflight_detail_crosswalk_unreadable_encoding","en","Translation table {crosswalk}, line {line}, isn't valid UTF-8."
"preflight_detail_crosswalk_unreadable_memory","en","Text at translation table {crosswalk}, row {row}, column {column}, isn't valid UTF-8; it is kept as {value}, each bad byte shown as its hex code in angle brackets."
"preflight_detail_crosswalk_unreadable_memory_header","en","The name of column {column} of translation table {crosswalk} isn't valid UTF-8; it is kept as {value}, each bad byte shown as its hex code in angle brackets."
"rule_set_unknown_column","en","Every row of the rule set's rules names a table and an attribute of the dictionary, or * for all."
"rule_id_unknown","en","Every rule that the rule set and the severity setting name is registered."
"rule_set_override_invalid","en","Every severity and class that the rule set or the severity setting gives fits its rule, and none changes a pre-flight check."
"rule_set_position_file","en","Line {line} of {file}"
"rule_set_position_memory","en","Row {row} of the rule set's rules (as R counts rows)"
"preflight_detail_rule_set_unknown_column_table","en","{position} names table {table_name}, which isn't in the dictionary."
"preflight_detail_rule_set_unknown_column_attribute","en","{position} names {table_name}.{attribute_name}, which isn't in the dictionary."
"preflight_detail_rule_set_unknown_column_any","en","{position} names attribute {attribute_name} for every table, but no table in the dictionary has it."
"preflight_detail_rule_id_unknown","en","{position} names rule {rule_id}, which isn't registered."
"preflight_detail_rule_id_unknown_setting","en","The severity setting {where} names rule {rule_id}, which isn't registered."
"preflight_detail_rule_set_override_invalid_preflight","en","{position} names {rule_id}, a pre-flight check, which a rule set can't change."
"preflight_detail_rule_set_override_invalid_severity","en","{position} gives {rule_id} the severity {value}, which isn't allowed for it (allowed: {allowed})."
"preflight_detail_rule_set_override_invalid_class","en","{position} gives {rule_id} the class {value}, which isn't allowed for it (allowed: {allowed})."
"preflight_detail_rule_set_override_invalid_setting_preflight","en","The severity setting {where} names {rule_id}, a pre-flight check, which a setting can't change."
"preflight_detail_rule_set_override_invalid_setting","en","The severity setting {where} gives {rule_id} the severity {value}, which isn't allowed for it (allowed: {allowed})."
"preflight_setting_argument","en","given as an argument"
"preflight_setting_option","en","set as the option groundplotqc.severity"
"text_id_missing","en","Every registered rule has English report text."
"text_id_fallback","en","In a run language other than English, every registered rule's text has a row in that language."
"preflight_detail_text_id_missing","en","Rule {rule_id} has no English report text {message_id}."
"preflight_detail_text_id_fallback","en","Rule {rule_id}'s text {message_id} has no row in language {language}, so English is shown."
"text_slot_unknown","en","Every text the caller's table overrides uses only the slots of the package's row."
"preflight_detail_text_slot_unknown","en","Text {message_id} in language {language} uses the slot {slot}, which the package's row of that text doesn't have."
"preflight_result_stop","en","Stopped: {n_findings} finding(s) from {n_checks} check(s) that stop; {n_warnings} warning(s) from {n_warning_checks} check(s)."
"preflight_result_stop_only","en","Stopped: {n_findings} finding(s) from {n_checks} check(s) that stop."
"preflight_result_warn","en","Passed with {n_warnings} warning(s) from {n_warning_checks} check(s); the run can continue."
"preflight_result_pass","en","Passed: no check stopped or warned."
"preflight_result_not_run","en","{n_not_run} check(s) didn't run; the table says why."
"preflight_rows_column_n_findings","en","Findings in this check"
