"table_name","attribute_name","lookup","source_type","source_name","code_column","filter_column","filter_values","status"
"magp_contributors","magp_contributor_id","contributor","sheet","contributor","magp_contributor_id",,,"resolved"
"magp_datasets","magp_dataset_id","dataset","sheet","dataset","magp_dataset_id",,,"resolved"
"magp_datasets","magp_contributor_id","contributor","sheet","contributor","magp_contributor_id",,,"resolved"
"magp_datasets","src_dataset_id","dataset","sheet","dataset","src_dataset_id",,,"resolved"
"magp_datasets","gp_type","Y","sheet","gp_type","gp_type",,,"resolved"
"magp_datasets","gp_network","Y","sheet","gp_network","gp_network",,,"resolved"
"magp_datasets","probability_sampling","Y","sheet","probability_sampling","probability_sampling",,,"resolved"
"magp_datasets","sampling_design","Y","sheet","sampling_design","sampling_design",,,"resolved"
"magp_datasets","site_design","Y","sheet","site_design","site_design",,,"resolved"
"magp_datasets","plot_design","Y","sheet","plot_design","plot_design",,,"resolved"
"magp_sites","jurisdiction","Y","sheet","jurisdiction","jurisdiction",,,"resolved"
"magp_sites","site_shape","shape","sheet","shape","shape",,,"resolved"
"magp_sites","site_status","Y","sheet","site_status","site_status",,,"resolved"
"magp_sites","site_protection","Y","sheet","site_protection","site_protection",,,"resolved"
"magp_sites","ownership","Y","sheet","ownership","ownership",,,"resolved"
"magp_sites","stand_origin","Y","sheet","stand_origin","stand_origin",,,"resolved"
"magp_sites","utm_src","location_src","sheet","location_src","location_src",,,"resolved"
"magp_sites","lat_long_src","location_src","sheet","location_src","location_src",,,"resolved"
"magp_sites","elevation_src","location_src","sheet","location_src","location_src",,,"resolved"
"magp_sites","slope_src","location_src","sheet","location_src","location_src",,,"resolved"
"magp_sites","slope_class","Y","sheet","slope_class","slope_class",,,"resolved"
"magp_sites","slope_position","Y","sheet","slope_position","slope_position",,,"resolved"
"magp_sites","aspect_src","location_src","sheet","location_src","location_src",,,"resolved"
"magp_sites","aspect_class","Y","sheet","aspect_class","aspect_class",,,"resolved"
"magp_sites","coord_src","Y","sheet","coord_src","coord_src",,,"resolved"
"magp_sites","coord_acc","Y","sheet","coord_acc","coord_acc",,,"resolved"
"magp_sites","drainage","Y","sheet","drainage","drainage",,,"resolved"
"magp_sites","exposure","Y","sheet","exposure","exposure",,,"resolved"
"magp_site_dist","disturbance_type","treatment_disturbance","crosswalk","treatment_disturbance","magp_codes","treat_vs_dist","D; TD; T/D","resolved"
"magp_site_dist","mortality_basis","Y","sheet","mortality_basis","mortality_basis",,,"resolved"
"magp_site_treat","treatment_type","treatment_disturbance","crosswalk","treatment_disturbance","magp_codes","treat_vs_dist","T; TD; T/D","resolved"
"magp_site_visits","sample_type","Y","sheet","sample_type","sample_type",,,"resolved"
"magp_site_visits","visit_type","Y","sheet","visit_type","visit_type",,,"resolved"
"magp_site_visits","meas_type","Y","sheet","meas_type","meas_type",,,"resolved"
"magp_site_visits","site_status","Y","sheet","site_status","site_status",,,"resolved"
"magp_site_visits","stand_origin","Y","sheet","stand_origin","stand_origin",,,"resolved"
"magp_site_visits","maincanopy_origin","Y","sheet","maincanopy_origin","maincanopy_origin",,,"resolved"
"magp_plots","plot","Y","sheet","plot","plot",,,"resolved"
"magp_plots","slope_class","Y","sheet","slope_class","slope_class",,,"resolved"
"magp_plots","aspect_class","Y","sheet","aspect_class","aspect_class",,,"resolved"
"magp_plots","design_change","yes_no","sheet","yes_no","yes_no",,,"resolved"
"magp_subplots","plot","Y","sheet","plot","plot",,,"resolved"
"magp_subplots","frame_type","Y","sheet","frame_type","frame_type",,,"resolved"
"magp_subplots","ef_change","yes_no","sheet","yes_no","yes_no",,,"resolved"
"magp_designs","magp_contributor_id","contributor","sheet","contributor","magp_contributor_id",,,"resolved"
"magp_designs","bdry_meth","Y","sheet","bdry_meth","bdry_meth",,,"resolved"
"magp_designs","slope_adj","yes_no","sheet","yes_no","yes_no",,,"resolved"
"magp_design_frames","src_frame_name","Y","sheet","src_frame_name","src_frame_name",,,"resolved"
"magp_design_frames","frame_type","Y","sheet","frame_type","frame_type",,,"resolved"
"magp_design_frames","plot_shape","shape","sheet","shape","shape",,,"resolved"
"magp_design_frames","meas_meth","Y","sheet","meas_meth","meas_meth",,,"resolved"
"magp_design_frames","tag_type","Y","sheet","tag_type","tag_type",,,"resolved"
"magp_design_frames","census","yes_no","sheet","yes_no","yes_no",,,"resolved"
"magp_design_frames","standing_dead","yes_no","sheet","yes_no","yes_no",,,"resolved"
"magp_plot_meas","canopy_structure","Y","sheet","canopy_structure","canopy_structure",,,"resolved"
"magp_trees","plot","Y","sheet","plot","plot",,,"resolved"
"magp_trees","tree_origin","Y","sheet","tree_origin","tree_origin",,,"resolved"
"magp_trees","tree_loc","Y","sheet","tree_loc","tree_loc",,,"resolved"
"magp_tree_meas","tree_type","Y","sheet","tree_type","tree_type",,,"resolved"
"magp_tree_meas","tree_change_class","Y","sheet","tree_change_class","tree_change_class",,,"resolved"
"magp_tree_meas","tree_stance","Y","sheet","tree_stance","tree_stance",,,"resolved"
"magp_tree_meas","tree_status","Y","sheet","tree_status","tree_status",,,"resolved"
"magp_tree_meas","dead_cause","Y","sheet","dead_cause","dead_cause",,,"resolved"
"magp_tree_meas","stem_cond","Y","sheet","stem_cond","stem_cond",,,"resolved"
"magp_tree_meas","crown_class","Y","sheet","crown_class","crown_class",,,"resolved"
"magp_tree_meas","crown_cond","Y","sheet","crown_cond","crown_cond",,,"resolved"
"magp_tree_meas","wood_cond","Y","sheet","wood_cond","wood_cond",,,"resolved"
"magp_tree_meas","species","species","crosswalk","species","NFI","Veg_type","TC; TH","resolved"
"magp_tree_meas","ht_sampling_meth","Y","sheet","ht_sampling_meth","ht_sampling_meth",,,"resolved"
"magp_tree_meas","meas_est_height","Y","sheet","meas_est_height","meas_est_height",,,"resolved"
"magp_tree_meas","meas_est_dbh","Y","sheet","meas_est_dbh","meas_est_dbh",,,"resolved"
"magp_tree_meas","lcr_meas_meth","Y","sheet","lcr_meas_meth","lcr_meas_meth",,,"resolved"
"magp_tree_meas","hlc_meas_meth","Y","sheet","hlc_meas_meth","hlc_meas_meth",,,"resolved"
"magp_tree_meas","cw_meas_meth","Y","sheet","cw_meas_meth","cw_meas_meth",,,"resolved"
"magp_tree_cond","deformity_type","Y","sheet","deformity_type","deformity_type",,,"resolved"
"magp_tree_cond","damage_agent","condition","crosswalk","condition","magp_codes",,,"resolved"
"magp_tree_cond","severity","Y","sheet","severity","severity",,,"resolved"
"magp_tree_cond","condition_location","Y","sheet","condition_location","condition_location",,,"resolved"
"magp_tree_age","age_sample_type","Y","sheet","age_sample_type","age_sample_type",,,"resolved"
"magp_tree_age","ring_count_src","Y","sheet","ring_count_src","ring_count_src",,,"resolved"
"magp_tree_age","pith_status","Y","sheet","pith_status","pith_status",,,"resolved"
"magp_tree_age","missed_ring_count_meth","Y","sheet","missed_ring_count_meth","missed_ring_count_meth",,,"resolved"
"magp_tree_age","total_age_src","Y","sheet","total_age_src","total_age_src",,,"resolved"
"magp_tree_age","meas_est_age","Y","sheet","meas_est_age","meas_est_age",,,"resolved"
"magp_tally_trees","tally_type","Y","sheet","tally_type","tally_type",,,"resolved"
"magp_tally_trees","species","species","crosswalk","species","NFI","Veg_type","TC; TH","resolved"
