"label","band_start","band_end","reserved","source_row","source_cell"
"NFI","50001","100000",FALSE,2,"magp_site_id_range!A2"
"NFM","100001","150000",FALSE,3,"magp_site_id_range!A3"
"YT","150001","200000",FALSE,4,"magp_site_id_range!A4"
"QC","200001","250000",FALSE,5,"magp_site_id_range!A5"
"SK","250001","300000",FALSE,6,"magp_site_id_range!A6"
"MB","300001","350000",FALSE,7,"magp_site_id_range!A7"
"AB","350001","400000",FALSE,8,"magp_site_id_range!A8"
"NB","400001","450000",FALSE,9,"magp_site_id_range!A9"
"BC","450001","500000",FALSE,10,"magp_site_id_range!A10"
"PEI","500001","550000",FALSE,11,"magp_site_id_range!A11"
"ON","550001","600000",FALSE,12,"magp_site_id_range!A12"
"NT","600001","650000",FALSE,13,"magp_site_id_range!A13"
"NL","650001","700000",FALSE,14,"magp_site_id_range!A14"
"NS","700001","750000",FALSE,15,"magp_site_id_range!A15"
"reserved_1","950001","1000000",TRUE,16,"magp_site_id_range!A16"
"reserved_2","750001","800000",TRUE,17,"magp_site_id_range!A17"
"reserved_3","800001","850000",TRUE,18,"magp_site_id_range!A18"
"reserved_4","850001","900000",TRUE,19,"magp_site_id_range!A19"
"reserved_5","900001","950000",TRUE,20,"magp_site_id_range!A20"
