"table_name","attribute_name","key_type","key_part","reference_table","reference_attribute"
"magp_contributors","magp_contributor_id","PK",1,,
"magp_datasets","magp_dataset_id","PK",1,,
"magp_datasets","magp_contributor_id","FK",1,"magp_contributors","magp_contributor_id"
"magp_sites","magp_site_id","PK",1,,
"magp_sites","magp_dataset_id","FK",1,"magp_datasets","magp_dataset_id"
"magp_site_dist","magp_dist_id","PK",1,,
"magp_site_dist","magp_dataset_id","FK",1,"magp_datasets","magp_dataset_id"
"magp_site_dist","magp_site_id","FK",1,"magp_sites","magp_site_id"
"magp_site_treat","magp_treat_id","PK",1,,
"magp_site_treat","magp_dataset_id","FK",1,"magp_datasets","magp_dataset_id"
"magp_site_treat","magp_site_id","FK",1,"magp_sites","magp_site_id"
"magp_site_visits","magp_visit_id","PK",1,,
"magp_site_visits","magp_site_id","FK",1,"magp_sites","magp_site_id"
"magp_plots","magp_plot_id","PK",1,,
"magp_plots","magp_site_id","FK",1,"magp_sites","magp_site_id"
"magp_subplots","magp_subplot_id","PK",1,,
"magp_subplots","magp_site_id","FK",1,"magp_sites","magp_site_id"
"magp_subplots","magp_plot_id","FK",1,"magp_plots","magp_plot_id"
"magp_designs","magp_design_id","PK",1,,
"magp_designs","magp_contributor_id","FK",1,"magp_contributors","magp_contributor_id"
"magp_design_frames","magp_frame_id","PK",1,,
"magp_design_frames","magp_design_id","FK",1,"magp_designs","magp_design_id"
"magp_plot_meas","magp_plotmeas_id","PK",1,,
"magp_plot_meas","magp_visit_id","FK",1,"magp_site_visits","magp_visit_id"
"magp_plot_meas","magp_plot_id","FK",1,"magp_plots","magp_plot_id"
"magp_plot_meas","magp_design_id","FK",1,"magp_designs","magp_design_id"
"magp_subplot_meas","magp_subpmeas_id","PK",1,,
"magp_subplot_meas","magp_plotmeas_id","FK",1,"magp_plot_meas","magp_plotmeas_id"
"magp_subplot_meas","magp_visit_id","FK",1,"magp_site_visits","magp_visit_id"
"magp_subplot_meas","magp_subplot_id","FK",1,"magp_subplots","magp_subplot_id"
"magp_subplot_meas","magp_frame_id","FK",1,"magp_design_frames","magp_frame_id"
"magp_trees","magp_tree_id","PK",1,,
"magp_trees","magp_site_id","FK",1,"magp_sites","magp_site_id"
"magp_trees","magp_subplot_id","FK",1,"magp_subplots","magp_subplot_id"
"magp_tree_meas","magp_treemeas_id","PK",1,,
"magp_tree_meas","magp_subpmeas_id","FK",1,"magp_subplot_meas","magp_subpmeas_id"
"magp_tree_meas","magp_tree_id","FK",1,"magp_trees","magp_tree_id"
"magp_tree_meas","magp_frame_id","FK",1,"magp_design_frames","magp_frame_id"
"magp_tree_cond","magp_cond_id","PK",1,,
"magp_tree_cond","magp_treemeas_id","FK",1,"magp_tree_meas","magp_treemeas_id"
"magp_tree_age","magp_age_id","PK",1,,
"magp_tree_age","magp_treemeas_id","FK",1,"magp_tree_meas","magp_treemeas_id"
"magp_tally_trees","magp_tally_id","PK",1,,
"magp_tally_trees","magp_subpmeas_id","FK",1,"magp_subplot_meas","magp_subpmeas_id"
"magp_tally_trees","magp_frame_id","FK",1,"magp_design_frames","magp_frame_id"
