"contributor_label","table_name","attribute_name","spec_type","alternative","part_order","part_source","part_kind","id_status","source_text","note","source_cell"
"BC","magp_datasets","src_dataset_id","id",,1,"faib_header.sample_establishment_type","source","single","faib_header.sample_establishment_type","MAGPlot prefixes the programme code with 'BC_' (PSP_G becomes BC_PSP_G). Programmes absent from the dataset lookup, such as NFI, are dropped.","A2!D5"
"BC","magp_sites","src_site_id","id",,1,"faib_header.site_identifier","source","single","faib_header.site_identifier",,"A2!D6"
"BC","magp_site_dist","src_dist_id","id",,,,,"not_applicable","Z","Site disturbance not supplied by BC.","A2!D7"
"BC","magp_site_treat","src_treat_id","id",,,,,"not_applicable","Z","Site treatment not supplied by BC.","A2!D8"
"BC","magp_site_visits","src_visit_id","id",,1,"faib_sample_byvisit.clstr_id","source","single","faib_sample_byvisit.clstr_id",,"A2!D9"
"BC","magp_plots","src_plot_id","id",,1,"faib_header.site_identifier","source","composite","faib_header.site_identifier + faib_plot_header.plot","plot is corrected before use (cor_plot_src).","A2!D10"
"BC","magp_plots","src_plot_id","id",,2,"faib_plot_header.plot","source","composite","faib_header.site_identifier + faib_plot_header.plot","plot is corrected before use (cor_plot_src).","A2!D10"
"BC","magp_subplots","src_subplot_id","id",,1,"src_plot_id","derived","composite","src_plot_id + subplot","subplot is MAGPlot-derived (M1/S1/S2/V1/O1); BC supplies no subplot column. Regeneration subplot assigned 'S3'.","A2!D11"
"BC","magp_subplots","src_subplot_id","id",,2,"subplot","derived","composite","src_plot_id + subplot","subplot is MAGPlot-derived (M1/S1/S2/V1/O1); BC supplies no subplot column. Regeneration subplot assigned 'S3'.","A2!D11"
"BC","magp_subplot_meas","src_subpmeas_id","id",,1,"src_subplot_id","derived","composite","src_subplot_id + faib_sample_byvisit.visit_number",,"A2!D12"
"BC","magp_subplot_meas","src_subpmeas_id","id",,2,"faib_sample_byvisit.visit_number","source","composite","src_subplot_id + faib_sample_byvisit.visit_number",,"A2!D12"
"BC","magp_trees","src_tree_id","id",,1,"src_plot_id","derived","composite","src_plot_id + faib_tree_detail.tree_no","tree_no is corrected to tree_num before use.","A2!D13"
"BC","magp_trees","src_tree_id","id",,2,"faib_tree_detail.tree_no","source","composite","src_plot_id + faib_tree_detail.tree_no","tree_no is corrected to tree_num before use.","A2!D13"
"BC","magp_trees","src_tree_num","id",,1,"faib_tree_detail.tree_no","source","single","faib_tree_detail.tree_no","Raw source number, kept before correction.","A2!D14"
"BC","magp_tree_meas","src_treemeas_id","id",,1,"src_tree_id","derived","composite","src_tree_id + faib_sample_byvisit.visit_number",,"A2!D15"
"BC","magp_tree_meas","src_treemeas_id","id",,2,"faib_sample_byvisit.visit_number","source","composite","src_tree_id + faib_sample_byvisit.visit_number",,"A2!D15"
"BC","magp_tree_cond","src_cond_id","id",,,,,"no_id","X","No condition-record identifier in the BC source.","A2!D16"
"BC","magp_tree_age","src_age_id","id",,1,"src_treemeas_id","derived","composite","src_treemeas_id + sample_num","sample_num is MAGPlot-derived; BC supplies no age-sample column.","A2!D17"
"BC","magp_tree_age","src_age_id","id",,2,"sample_num","derived","composite","src_treemeas_id + sample_num","sample_num is MAGPlot-derived; BC supplies no age-sample column.","A2!D17"
"BC","magp_tally_trees","src_tally_id","id",,1,"faib_smltree_smries_clsp.clstr_id","source","composite","faib_smltree_smries_clsp.clstr_id + subplot + tally_type + faib_smltree_smries_clsp.species","No source identifier. subplot and tally_type are MAGPlot-derived; BC tallies by height class (smtr_ct1/2/3).","A2!D18"
"BC","magp_tally_trees","src_tally_id","id",,2,"subplot","derived","composite","faib_smltree_smries_clsp.clstr_id + subplot + tally_type + faib_smltree_smries_clsp.species","No source identifier. subplot and tally_type are MAGPlot-derived; BC tallies by height class (smtr_ct1/2/3).","A2!D18"
"BC","magp_tally_trees","src_tally_id","id",,3,"tally_type","derived","composite","faib_smltree_smries_clsp.clstr_id + subplot + tally_type + faib_smltree_smries_clsp.species","No source identifier. subplot and tally_type are MAGPlot-derived; BC tallies by height class (smtr_ct1/2/3).","A2!D18"
"BC","magp_tally_trees","src_tally_id","id",,4,"faib_smltree_smries_clsp.species","source","composite","faib_smltree_smries_clsp.clstr_id + subplot + tally_type + faib_smltree_smries_clsp.species","No source identifier. subplot and tally_type are MAGPlot-derived; BC tallies by height class (smtr_ct1/2/3).","A2!D18"
"BC","magp_sites","src_ec_unit","compiled",,,,,"documented","faib_header.bec_zone + faib_header.bec_sbz + faib_header.bec_var","Variant appended only where present.","A2!D19"
"BC","magp_sites","src_mgmt_unit","compiled",,,,,"documented","faib_header.mgmt_unit",,"A2!D20"
"BC","magp_plot_meas","src_nrow_sph_tree","compiled",,,,,"documented","-1","BC publishes per-hectare rates only, with no tree count behind them.","A2!D21"
"BC","magp_plot_meas","src_sph_tree","compiled",,,,,"documented","PSP: faib_compiled_smeries.stems_ha_liv | non-PSP: faib_compiled_smeries.stems_ha_ls + .stems_ha_lf","Non-PSP sums live-standing and live-fallen.","A2!D22"
"BC","magp_plot_meas","src_baph_tree","compiled",,,,,"documented","PSP: faib_compiled_smeries.ba_ha_liv | non-PSP: faib_compiled_smeries.ba_ha_ls + .ba_ha_lf","Non-PSP sums live-standing and live-fallen.","A2!D23"
"BC","magp_plot_meas","src_dbh_cutoff","compiled",,,,,"documented","faib_compiled_smeries.util","Minimum tree size the BC summaries counted.","A2!D24"
"BC","magp_plot_meas","src_sph_tally","compiled",,,,,"documented","faib_smltree_smries_clsp.smtr1_ha ... smtr4_ha (summed per frame)","BC publishes the regeneration count already expanded to a per-hectare rate. Summed per subplot measurement: all inputs are BC values, only the grain changes. PSP carries smtr1-3_ha, non-PSP smtr2-4_ha. -1 where BC published no rate, not 0.","A2!D25"
"BC","magp_plot_meas","src_baph_tally","compiled",,,,,"documented","-9","BC could not publish this: it records no diameter for a tallied stem.","A2!D26"
"BC","magp_plot_meas","src_age","compiled",,,,,"documented","faib_sample_byvisit.proj_age_adj","Projected stand age; from the visit table, not the compiled summaries.","A2!D27"
"BC","magp_plot_meas","src_top_ht","compiled",,,,,"documented","PSP: faib_compiled_smeries_ht.ht_mean_li | non-PSP: faib_compiled_smeries_ht.ht_mnall",,"A2!D28"
"BC","magp_plot_meas","src_lorey_ht","compiled",,,,,"documented","PSP: faib_compiled_smeries_ht.ht_lry_li | non-PSP: faib_compiled_smeries_ht.ht_lryall",,"A2!D29"
"BC","magp_plot_meas","src_qmd","compiled",,,,,"documented","PSP: faib_compiled_smeries.qmd_liv | non-PSP: faib_compiled_smeries.qmd_ls","Non-PSP value covers live-standing only.","A2!D30"
"BC","magp_plot_meas","src_nmer_volume","compiled",,,,,"documented","PSP: faib_compiled_smeries.vha_dwb_liv | non-PSP: faib_compiled_smeries.vha_ntwb_ls + .vha_ntwb_lf","Both are net merchantable volume (stump, top, decay, waste and breakage deducted). PSP deducts decay, waste and breakage with BEC-based loss factors, non-PSP with cruiser-called decay, waste and breakage. Not the same definition.","A2!D31"
"BC","magp_plot_meas","src_gmer_volume","compiled",,,,,"documented","PSP: faib_compiled_smeries.vha_mer_liv | non-PSP: faib_compiled_smeries.vha_mer_ls + .vha_mer_lf",,"A2!D32"
"BC","magp_plot_meas","src_wsv_volume","compiled",,,,,"documented","PSP: faib_compiled_smeries.vha_wsv_liv | non-PSP: faib_compiled_smeries.vha_wsv_ls + .vha_wsv_lf",,"A2!D33"
"BC","magp_plot_meas","src_biomass","compiled",,,,,"documented","-1","Not supplied.","A2!D34"
"BC","magp_tree_meas","src_tree_ef_unadj","compiled",,,,,"documented","-1","Not supplied.","A2!D35"
"BC","magp_tree_meas","src_tree_ef_adj","compiled",,,,,"documented","PSP: faib_tree_detail.phf_tree | non-PSP: faib_tree_detail.phf_tree_wk, else .phf_tree","Non-PSP uses the walkthrough-adjusted factor where available.","A2!D36"
"BC","magp_tree_meas","src_tree_ba","compiled",,,,,"documented","faib_tree_detail.ba_tree","Same column name in both packages.","A2!D37"
"BC","magp_tree_meas","src_baph_adj","compiled",,,,,"documented","-1","Not supplied.","A2!D38"
"BC","magp_tree_meas","src_biomass","compiled",,,,,"documented","-1","Not supplied.","A2!D39"
"BC","magp_tree_meas","src_vol_nmer","compiled",,,,,"documented","PSP: faib_tree_detail.vol_dwb | non-PSP: faib_tree_detail.vol_ntwb","Same PSP / non-PSP definition split as at plot level.","A2!D40"
"BC","magp_tree_meas","src_vol_gmer","compiled",,,,,"documented","faib_tree_detail.vol_mer","Same column name in both packages.","A2!D41"
"BC","magp_tree_meas","src_vol_wsv","compiled",,,,,"documented","faib_tree_detail.vol_wsv","Same column name in both packages.","A2!D42"
"BC","magp_tally_trees","src_cover_pct","compiled",,,,,"documented","-1","Not supplied.","A2!D43"
"ON","magp_datasets","src_dataset_id","id",,1,"tblPlot.plotname","source","single","tblPlot.plotname","The name's last three characters (PSP, PGP, PIP) give ON_PSP, ON_PGP and ON_PGP_PIP.","A2!F5"
"ON","magp_sites","src_site_id","id",,1,"tblPlot.plotkey","source","single","tblPlot.plotkey",,"A2!F6"
"ON","magp_site_dist","src_dist_id","id",,1,"tblStandInfoDistb.standinfodistbkey","source","single","tblStandInfoDistb.standinfodistbkey",,"A2!F7"
"ON","magp_site_treat","src_treat_id","id",,1,"tblStandInfoTreat.standinfotreatkey","source","single","tblStandInfoTreat.standinfotreatkey",,"A2!F8"
"ON","magp_site_visits","src_visit_id","id",,1,"tblVisit.visitkey","source","single","tblVisit.visitkey",,"A2!F9"
"ON","magp_plots","src_plot_id","id",,1,"tblPlot.plotkey","source","composite","tblPlot.plotkey + tblTreeGrowthPlot.growthplotnum",,"A2!F10"
"ON","magp_plots","src_plot_id","id",,2,"tblTreeGrowthPlot.growthplotnum","source","composite","tblPlot.plotkey + tblTreeGrowthPlot.growthplotnum",,"A2!F10"
"ON","magp_subplots","src_subplot_id","id",,,,,"no_id","X","No subplot identifier in the Ontario source.","A2!F11"
"ON","magp_subplot_meas","src_subpmeas_id","id",,1,"tblTreeGrowthPlot.treegrowthplotkey","source","single","tblTreeGrowthPlot.treegrowthplotkey","Vegetation subplots use tblVegPlot.vegplotkey.","A2!F12"
"ON","magp_trees","src_tree_id","id",,1,"tblTree.treekey","source","single","tblTree.treekey","Age trees (tree_type = 'A') use tblAgeTree.agetreekey.","A2!F13"
"ON","magp_trees","src_tree_num","id",,1,"tblTree.treenum","source","single","tblTree.treenum","Kept even where the corrected number differs.","A2!F14"
"ON","magp_tree_meas","src_treemeas_id","id",,1,"tblTreeMsr.treemsrkey","source","single","tblTreeMsr.treemsrkey","Age trees (tree_type = 'A') use tblAgeTree.agetreekey.","A2!F15"
"ON","magp_tree_cond","src_cond_id","id",,1,"tblTreeDefm.treedefmkey","source","composite","tblTreeDefm.treedefmkey + tblTreeCav.treecavkey",,"A2!F16"
"ON","magp_tree_cond","src_cond_id","id",,2,"tblTreeCav.treecavkey","source","composite","tblTreeDefm.treedefmkey + tblTreeCav.treecavkey",,"A2!F16"
"ON","magp_tree_age","src_age_id","id",,1,"tblAgeSample.agesamplekey","source","single","tblAgeSample.agesamplekey",,"A2!F17"
"ON","magp_tally_trees","src_tally_id","id",,1,"tblVegRegen.vegregenkey","source","single","tblVegRegen.vegregenkey",,"A2!F18"
"ON","magp_sites","src_ec_unit","compiled",,,,,"documented","tCalcPlot.ecodistrict","ON-internal code, not a national ecozone. X where missing.","A2!F19"
"ON","magp_sites","src_mgmt_unit","compiled",,,,,"documented","tCalcPlot.fmucode","X where missing.","A2!F20"
"ON","magp_plot_meas","src_nrow_sph_tree","compiled",,,,,"documented","tCalcTreeHeader.treestemslivetotal",,"A2!F21"
"ON","magp_plot_meas","src_sph_tree","compiled",,,,,"documented","tCalcTreeHeader.treedensitylivetotalpha",,"A2!F22"
"ON","magp_plot_meas","src_baph_tree","compiled",,,,,"documented","tCalcTreeHeader.treebalivetotalpha",,"A2!F23"
"ON","magp_plot_meas","src_dbh_cutoff","compiled",,,,,"documented","tlkpManual.livemindbh","Joined on tblVisit.manualcode. Qualifies every density figure above.","A2!F24"
"ON","magp_plot_meas","src_sph_tally","compiled",,,,,"documented","-1","No compiled tally density supplied.","A2!F25"
"ON","magp_plot_meas","src_baph_tally","compiled",,,,,"documented","-9","Not published by ON.","A2!F26"
"ON","magp_plot_meas","src_age","compiled",,,,,"documented","tCalcTreeHeader.standagepjnwsfu",,"A2!F27"
"ON","magp_plot_meas","src_top_ht","compiled",,,,,"documented","tCalcTreeHeader.standhtdomorcodom",,"A2!F28"
"ON","magp_plot_meas","src_lorey_ht","compiled",,,,,"documented","tCalcTreeHeader.standhtdomcodomorquad","Set to -9 for visits that are not tree measurements.","A2!F29"
"ON","magp_plot_meas","src_qmd","compiled",,,,,"documented","tCalcTreeHeader.treeqmdbhlivetotal","Set to -9 for visits that are not tree measurements.","A2!F30"
"ON","magp_plot_meas","src_nmer_volume","compiled",,,,,"documented","-1","No compiled volume supplied.","A2!F31"
"ON","magp_plot_meas","src_gmer_volume","compiled",,,,,"documented","-1","No compiled volume supplied.","A2!F32"
"ON","magp_plot_meas","src_wsv_volume","compiled",,,,,"documented","-1","No compiled volume supplied.","A2!F33"
"ON","magp_plot_meas","src_biomass","compiled",,,,,"documented","-1","Not supplied.","A2!F34"
"ON","magp_tree_meas","src_tree_ef_unadj","compiled",,,,,"documented","-1","Not supplied.","A2!F35"
"ON","magp_tree_meas","src_tree_ef_adj","compiled",,,,,"documented","-1","Not supplied at tree level.","A2!F36"
"ON","magp_tree_meas","src_tree_ba","compiled",,,,,"documented","-1","Not supplied at tree level.","A2!F37"
"ON","magp_tree_meas","src_baph_adj","compiled",,,,,"documented","-1","Not supplied at tree level.","A2!F38"
"ON","magp_tree_meas","src_biomass","compiled",,,,,"documented","-1","Not supplied at tree level.","A2!F39"
"ON","magp_tree_meas","src_vol_nmer","compiled",,,,,"documented","-1","Not supplied at tree level.","A2!F40"
"ON","magp_tree_meas","src_vol_gmer","compiled",,,,,"documented","-1","Not supplied at tree level.","A2!F41"
"ON","magp_tree_meas","src_vol_wsv","compiled",,,,,"documented","-1","Not supplied at tree level.","A2!F42"
"ON","magp_tally_trees","src_cover_pct","compiled",,,,,"documented","tblVegRegen.coverpct",,"A2!F43"
