"rule_id","input","file","detail","source_cell"
"datasets_row_missing","datasets","20261005_magpv2_Lookup_Tables.xlsx","magp_dataset_id ""120.01"" is in sheet dataset but has no row in the datasets table.","dataset!A16"
"datasets_row_missing","datasets","20261005_magpv2_Lookup_Tables.xlsx","magp_dataset_id ""130.01"" is in sheet dataset but has no row in the datasets table.","dataset!A17"
"datasets_row_missing","datasets","20261005_magpv2_Lookup_Tables.xlsx","magp_dataset_id ""130.02"" is in sheet dataset but has no row in the datasets table.","dataset!A18"
"datasets_row_missing","datasets","20261005_magpv2_Lookup_Tables.xlsx","magp_dataset_id ""140.01"" is in sheet dataset but has no row in the datasets table.","dataset!A19"
"datasets_row_missing","datasets","20261005_magpv2_Lookup_Tables.xlsx","magp_dataset_id ""150.01"" is in sheet dataset but has no row in the datasets table.","dataset!A20"
"datasets_row_missing","datasets","20261005_magpv2_Lookup_Tables.xlsx","magp_dataset_id ""160.01"" is in sheet dataset but has no row in the datasets table.","dataset!A21"
"datasets_row_missing","datasets","20261005_magpv2_Lookup_Tables.xlsx","magp_dataset_id ""190.01"" is in sheet dataset but has no row in the datasets table.","dataset!A32"
"datasets_row_missing","datasets","20261005_magpv2_Lookup_Tables.xlsx","magp_dataset_id ""200.01"" is in sheet dataset but has no row in the datasets table.","dataset!A33"
"datasets_row_missing","datasets","20261005_magpv2_Lookup_Tables.xlsx","magp_dataset_id ""210.01"" is in sheet dataset but has no row in the datasets table.","dataset!A34"
"datasets_row_missing","datasets","20261005_magpv2_Lookup_Tables.xlsx","magp_dataset_id ""220.01"" is in sheet dataset but has no row in the datasets table.","dataset!A35"
"datasets_row_missing","datasets","20261005_magpv2_Lookup_Tables.xlsx","magp_dataset_id ""230.01"" is in sheet dataset but has no row in the datasets table.","dataset!A36"
