comments / questions,general_damage_condition1,specific_damage_condition2,specific_damage_condition3,specific_damage_condition4,specific_damage_condition5,Remarks,Scientific name,magp_codes,ns_damagecodes,ns_defectcodes,ns_causeofdeathid,nt_codes,on_cavtypecode,on_defmtypecode,on_defmcausecode,nfi_damage_agent,bc_codes,ab_cause,ab_condition,nb_cli_cod,nb_codes,sk_codes,qc_caus_defol,qc_defaut,qc_dic,mb_cond,mb_comments,nl_stemcondition_code,nl_causeofdeath_code,nl_aphid_code
,A: Animal (vertebrate) damage,,,,,damage caused by vertebrate animal (general or not specified taxa),,A,54,,6,,,,,A,A,11,,,1,20,H,,,,"forked/animal damage, animal damage, animal dam, animal rubbing",,,
,,Animal - Mammal,,,,,,AM,,,,,,,,,,,,,,,,,"DB06A, DB06E, DB06EM, DB06X, DB36X, DB36A",61,"some brouse damage, rubbing dam, rubbing scar, rubbing, all browsed, browse on regen, brosed, severe browse, browse, browsed",,B,
,,Animal - Mammal,Animal - Mammal - Bear,,,,,AMB,,,,35,,,,AB,AB,,,,,,,,,,,,,
,,Animal - Mammal,Animal - Mammal - Cattle/livestock,,,,,AMC,,,,36,,,77,AC,AC,,,,,,,,,,,,,
,,Animal - Mammal,Animal - Mammal - Deer,,,,,AMD,,,,37,,,75,AD,AD,,,,,,,,,,"deer, deer rub, deer rubbing",,,
,,Animal - Mammal,Animal - Mammal - Elk,,,,,AME,,,,38,,,,AE,AE,,,,,,,,,,,,,
,,Animal - Mammal,Animal - Mammal - Hare or Rabbit,,,,,AMH,,,,39,,,78,AH,AH,,,,,,,,,,"rabbit, rabbits, rabbit dam, rabbit damage, rabbit dem",,,
,,Animal - Mammal,Animal - Mammal - Moose,,,,,AMM,,,,40,,,76,AM,AM,,,,,,,,,,"moose, moose browse",,,
,,Animal - Mammal,Animal - Mammal - Pika,,,,Ochotona spp.,AMO,,,,,,,,,AO,,,,,,,,,,,,,
,,Animal - Mammal,Animal - Mammal - Porcupine,,,,,AMP,35,,,41,,,,AP,AP,,,,,,,,,,"scar porcupine, porcpine, stem disease/porcupine, porcupine, porc dam, porcupine dam, w hgt- porcupine scar, porc, forked/porcupine, porcu dam",,,
,,Animal - Mammal,Animal - Mammal - Squirrel,,,,,AMS,,,,42,,,,AS,AS,,,,,,,,,,,,,
,,Animal - Mammal,Animal - Mammal - Vole,,,,,AMV,,,,43,,,,AV,AV,,,,,,,,,,,,,
,,Animal - Mammal,Animal - Mammal - Beaver,,,,,AMZ,,,,45,,,,AZ,AZ,,,,,,,,,,beaver,,,
,,Animal - Birds,,,,,,AX,7,,,44,5,,,AX,AX,,,,,,,,,62,woodpecker dam,,,
,,Animal - Birds,Animal - Birds - Woodpecker,Animal - Birds - Woodpecker - sapsucker surface feeding wounds,,Pic maculé (blessures d’allimentation en surface); Yellow_bellied sapsucker (surface feeding wounds),Sphyrapicus varius,AXS,,3,,,"1,2",,,,,,,,,,,,"VP04X, VP31X, VP31A",,"sap sucker dam, sapsucker dam, sap succker dam, sap sucker, forked- sapsucker dam, sap sucker/wrg spp, sapsucker",,,
,,Animal - Birds,Animal - Birds - Woodpecker,Animal - Birds - Woodpecker - holes in heartwood or sapwood,,Grand pic et divers autre pics foreurs (trous creusés dans l’aubier ou le coeur); Pileated woodpecker and other various woodpeckers (holes in sapwood or heartwood),"Dryocopus pileatus, etc",AXH,,,,,"3,4",,,,,,,,,,,,"VP05A, VP05X, VP30E, VP30X",,,,,
,D: Diseases (bacterial and fungal pathogens),,,,,Diseases (general fungal and bacterial pathogens),,D,11,,5,,,,121,D,D,21,,,41,,,,,,"disease on branches, disease, dead from disease",,,
,,Diseases - Broom rusts,,,,,,DB,,,,15,,,63,DB,DB,,,,,,,,,,"brooms, witches broom, broom rust",,,
,,Diseases - Broom rusts,Diseases - Broom rusts - Fir Broom Rust,,,,Melampsorella caryophyllacearum,DBF,,,,,,,,,DBF,,,,,,,,,,,,,
,,Diseases - Broom rusts,Diseases - Broom rusts - Spruce Broom Rust,,,,Chrysomyxa arctostaphyli,DBS,,,,,,,,,DBS,,,,,,,,,,,,,
,,Diseases - Stem rot/decay,,,,"Stem rot/decay (conks, blind conks) (general)",,DD,"1,36","32,34",,16,,,146,DD,DD,,,,20,1,P,CO,,41,"conks, conks severe lean, conk",,,
,,Diseases - Stem rot/decay,,,,Stem rot/decay ( blind conks- aka punk knot) (general),,DD,,,,,,,201,,,,,,,,,,,,,,,
,,Diseases - Stem rot/decay,,,,Stem rot/decay (rotten branches / stem rot) (general),,DD,17,,,,,,,,,,,,,6,,CA,,40,stem decay,,,
,,Diseases - Stem rot/decay,Diseases - Stem rot/decay - White Mottled Rot (Ganoderma applanatum),,,aka Artist's conk,Ganoderma applanatum,DDA,,,,,,,202,,DDA,,,,,,,,SP08X,,,,,
,,Diseases - Stem rot/decay,Diseases - Stem rot/decay - Birch Trunk Rot,,,,Fomes fomentarius,DDB,,22,,,,,,,DDB,,,,,,,,,,,,,
,,Diseases - Stem rot/decay,Diseases - Stem rot/decay - Brown Cubical Rot of Birch,,,,Piptoporus betulinus,DDC,,,,,,,,,DDC,,,,,,,,,,,,,
WARNING: confirm with Ontario that 'yellow cap fungus = sulfur fungus,,Diseases - Stem rot/decay,Diseases - Stem rot/decay - Sulfur Fungus,,,Ontario: Yellow cap fungus?,Laetiporus sulphureus (Laetiporus conifericola and Laetiporus gilbertsonni),DDD,,36,,,,,204,,DDD,,,,,,,,,,,,,
,,Diseases - Stem rot/decay,Diseases - Stem rot/decay - Rust Red Stringy Rot,,,,Echindontium tinctorium,DDE,,,,,,,,,DDE,,,,,,,,,,,,,
,,Diseases - Stem rot/decay,Diseases - Stem rot/decay - Brown Crumbly Rot,,,,Fomitopsis pinicola,DDF,,,,,,,,,DDF,,,,,,,,"SP23X, SP38X",,red belt fungus,,,
,,Diseases - Stem rot/decay,Diseases - Stem rot/decay - Fomitopsis betulina,,,,Fomitopsis betulina (aka Piptoporus betulinus),DDU,,,,,,,113,,,,,,,,,,,,,,,
,,Diseases - Stem rot/decay,Diseases - Stem rot/decay - Sterile Conk Trunk Rot of Birch,,,,Inonotus obliquus,DDG,,19,,,,,,,DDG,,,,,,,,,,,,,
could place under general hierarchical category ‘hardwood trunk rot’,,Diseases - Stem rot/decay,Diseases - Stem rot/decay - Hardwood Trunk Rot,,,"often Phellinus laevigatus, P. nigricans and P. tremulae are grouped as the cause of ‘hardwood white trunk rot’",Phellinus igniarius,DDH,,,,,,,111,,DDH,,,,,,,,SP16X,,,,,
could place under general hierarchical category ‘hardwood trunk rot’,,Diseases - Stem rot/decay,Diseases - Stem rot/decay - Phellinus cinereus,,,targets Betula spp. and Tilia spp.,Phellinus cinereus,DDI,,,,,,,,,,,,,,,,,SP15X,,,,,
could place under general hierarchical category ‘hardwood trunk rot’,,Diseases - Stem rot/decay,Diseases - Stem rot/decay - Phellinus laevigatus,,,,phellinus laevigatus,DDJ,,,,,,,,,,,,,,,,,SP17X,,,,,
could place under general hierarchical category ‘hardwood trunk rot’,,Diseases - Stem rot/decay,Diseases - Stem rot/decay - Aspen Trunk Rot,,,,Phellinus tremulae,DDT,,,,,,,152,,DDT,,,,,,,,SP18X,,,,,
,,Diseases - Stem rot/decay,Diseases - Stem rot/decay - Cedear Brown Pocket Rot,,,,Poria sericeomollis,DDO,,,,,,,,,DDO,,,,,,,,,,,,,
,,Diseases - Stem rot/decay,Diseases - Stem rot/decay - Red Ring Rot,,,,Phellinus pini,DDP,,,,,,,151,,DDP,,,,,,,,,,,,,
,,Diseases - Stem rot/decay,Diseases - Stem rot/decay - Quinine Conk,,,,Laricifomes officinalis,DDQ,,,,,,,,,DDQ,,,,,,,,,,,,,
,,Diseases - Stem rot/decay,Diseases - Stem rot/decay - Stereum sanguinolentum,,,red heart rot,Stereum sanguinolentum,DDR,,,,,,,,,DDR,,,,,,,,SP37X,,,,,
,,Diseases - Stem rot/decay,Schweinitzii Butt Rot ,,,,Phaeolus schweinitzii,DDS,,,,,,,,,DDS,,,,,,,,,,,,,
,,Diseases - Stem rot/decay,Diseases - Stem rot/decay - Climacodon septentrionalis,,,aka Spine tooth/northern tooth fungus,Climacodon septentrionalis,DDK,,,,,,,200,,,,,,,,,,SP03X,,,,,
saprotroph,,Diseases - Stem rot/decay,Diseases - Stem rot/decay - Cystostereum murrayi,,,saprotroph,Cystostereum murrayi,DDL,,,,,,,,,,,,,,,,,SP04X,,,,,
saprotroph,,Diseases - Stem rot/decay,Diseases - Stem rot/decay - Daedalea quercina,,,saprotroph,Daedalea quercina,DDM,,,,,,,,,,,,,,,,,SP05X,,,,,
,,Diseases - Stem rot/decay,Diseases - Stem rot/decay - Fomes fomentarius,,,,Fomes fomentarius,DDN,,,,,,,,,,,,,,,,,SP06X,,,,,
saprotroph,,Diseases - Stem rot/decay,Diseases - Stem rot/decay - Ischnoderma resinosum,,,saprotroph,Ischnoderma resinosum,DDV,,,,,,,,,,,,,,,,,SP11X,,,,,
,,Diseases - Stem rot/decay,Diseases - Stem rot/decay - Laetiporus sulphureus,,,,Laetiporus sulphureus,DDW,,,,,,,,,,,,,,,,,SP13X,,,,,
WARNING: confirm with Ontario that 'Mossy top fungus' = Oxyporus populinus (not Cerrena unicolor),,Diseases - Stem rot/decay,Diseases - Stem rot/decay - Oxyporus populinus,,,Ontario: Mossy top fungus,Oxyporus populinus,DDX,,24,,,,,205,,,,,,,,,,"SP14E, SP14X, SP14A",,,,,
,,Diseases - Stem rot/decay,Diseases - Stem rot/decay - Polyporus squamosus,,,,Polyporus squamosus,DDY,,,,,,,,,,,,,,,,,SP19X,,,,,
saprotroph,,Diseases - Stem rot/decay,Diseases - Stem rot/decay - Trametes versicolor,,,a.k.a. Turkey tail; saprotroph,Trametes versicolor,DDZ,,,,,,,,,,,,,,,,,SP20X,,,,,
saprotroph?,,Diseases - Stem rot/decay,Diseases - Stem rot/decay - Trichaptum pargamenum,,,"synonym: Trichaptum biforme, Polyporus biformis, Hirschioporus pergamenus; saprotroph",Trichaptum pargamenum,DD1,,,,,,,,,,,,,,,,,SP21X,,,,,
,,Diseases - Stem rot/decay,Diseases - Stem rot/decay - Phellinus conchatus,,,synonym: Phellinopsis conchata; saprotroph and hemiparasite,Phellinus conchatus,DD2,,,,,,,,,,,,,,,,,SP22X,,,,,
,,Diseases - Stem rot/decay,Diseases - Stem rot/decay - Fomitiporia tsugina,,,,Fomitiporia tsugina,DD3,,,,,,,,,,,,,,,,,SP31X,,,,,
,,Diseases - Stem rot/decay,Diseases - Stem rot/decay - Fomitiporia punctata,,,,Fomitiporia punctata,DD4,,,,,,,,,,,,,,,,,SP07X,,,,,
,,Diseases - Stem rot/decay,Diseases - Stem rot/decay - Inonotus obliquus,,,a.k.a. chaga,Inonotus obliquus (Ontario: Innonotus obliquus),DD5,,,,,,,112,,,,,,,,,,"SP10X, SP10A",,,,,
,,Diseases - Foliage,,,,Foliage disase (general),,DF,,,,17,,,,DF,DF,,,,,8,,,,,,,,
,,Diseases - Foliage,Diseases - Foliage - Western pine Aster Rust,,,,Coleosporium asterum,DFA,,,,,,,,,DFA,,,,,,,,,,,,,
,,Diseases - Foliage,Diseases - Foliage - Delphinella Tip Blight,,,,Delphinella spp.,DFB,,,,,,,,,DFB,,,,,,,,,,,,,
,,Diseases - Foliage,Diseases - Foliage - Large-spore Spruce-Labrador tea Rust,,,,Chrysomyxa ledicola,DFC,,,,,,,,,DFC,,,,,,,,,,,,,
,,Diseases - Foliage,Diseases - Foliage - Spruce Needle Cast,,,,Lirula macrospora,DFD,,,,,,,,,DFD,,,,,,,,,,,,,
,,Diseases - Foliage,Diseases - Foliage - Elytroderma Needle Cast,,,,Elytroderma deformans,DFE,,,,,,,,,DFE,,,,,,,,,,,,,
,,Diseases - Foliage,Diseases - Foliage - Marssonina Leaf Blights,,,,Marssonina spp.,DFF,,,,,,,,,DFF,,,,,,,,,,,,,
,,Diseases - Foliage,Diseases - Foliage - Cottonwood Leaf Rust,,,,Melampsora occidentalis,DFG,,,,,,,,,DFG,,,,,,,,,,,,,
,,Diseases - Foliage,Diseases - Foliage - Larch Needle Blight,,,,Hypodermella laricis,DFH,,,,,,,,,DFH,,,,,,,,,,,,,
,,Diseases - Foliage,Diseases - Foliage - Linospora Leaf Blotch,,,,Linospora tetraspora,DFI,,,,,,,,,DFI,,,,,,,,,,,,,
,,Diseases - Foliage,Diseases - Foliage - Phaeoseptoria Needle Cast,,,,Phaeoseptoria contortae,DFJ,,,,,,,,,DFJ,,,,,,,,,,,,,
,,Diseases - Foliage,Diseases - Foliage - Septoria Leaf Spot,,,,Septoria populicola,DFK,,,,,,,,,DFK,,,,,,,,,,,,,
,,Diseases - Foliage,Diseases - Foliage - Pine Needle Cast,,,,Lophodermella concolor,DFL,,,,,,,,,DFL,,,,,,,,,,,,,
,,Diseases - Foliage,Diseases - Foliage - Larch Needle Cast,,,,Meria laricis,DFM,,,,,,,,,DFM,,,,,,,,,,,,,
,,Diseases - Foliage,Diseases - Foliage - Leptomelanconium Needle Blight,,,,Leptomelanconium pinicola,DFN,,,,,,,,,DFN,,,,,,,,,,,,,
,,Diseases - Foliage,Diseases - Foliage - Lophodermium Needle Cast,,,,Lophodermium seditiosum,DFO,,,,,,,,,DFO,,,,,,,,,,,,,
,,Diseases - Foliage,Diseases - Foliage - Fir Fireweed Rust,,,,Pucciniastrum epilobi,DFP,,,,,,,,,DFP,,,,,,,,,,,,,
,,Diseases - Foliage,Diseases - Foliage - Alpine Fir Needle Cast,,,,Isthmiella quadrispora,DFQ,,,,,,,,,DFQ,,,,,,,,,,,,,
,,Diseases - Foliage,Diseases - Foliage - Douglas-fir needle cast,,,,Rhabdocline pseudotsugae,DFR,,,,,,,,,DFR,,,,,,,,,,,,,
warning: labelDFS signify ‘Mycosphaerella [Sirrhia] pini - Red band needle blight’ in ‘gy_standards_procedures2k3b.pdf’,,Diseases - Foliage,Diseases - Foliage - Dothistroma Needle Blight,,,,Dothistroma septosporum,DFS,,,,,,,,,DFS,,,,,,,,,,,,,
,,Diseases - Foliage,Diseases - Foliage - Sirococcus Tip Blight,,,,Sirococcus conigenus,DFT,41,,,,,,,,DFT,,,,,,,,,,,,,
,,Diseases - Foliage,Diseases - Foliage - Cedar Leaf Blight,,,,Didymascella thujina,DFU,,,,,,,70,,DFU,,,,,,,,,,,,,
,,Diseases - Foliage,Diseases - Foliage - Swiss Needle Cast,,,,Phaeocryptopus gaumanni,DFW,,,,,,,,,DFW,,,,,,,,,,,,,
,,Diseases - Foliage,Diseases - Foliage - Brown Felt Blight,,,,Herpotrichia spp.,DFX,,,,,,,,,DFX,,,,,,,,,,,,,
,,Diseases - Foliage,Diseases - Foliage - Hendersonia Needle Cast,,,,Hendersonia pinicola,DFY,,,,,,,,,DFY,,,,,,,,,,,,,
,,Diseases - Foliage,Diseases - Foliage - Rhizosphaera Needle Cast,,,,Rhizosphaera kalkhoffii,DFZ,,,,,,,,,DFZ,,,,,,,,,,,,,
,,Diseases - Foliage,Diseases - Foliage - Cedar-apple rust,,,,Gymnosporangium juniperi-virginianae,DF1,,,,,,,59,,,,,,,,,,,,,,,
,,Diseases - Foliage,Diseases - Foliage - Snow blight,,,,Phacidium abietis,DF2,,,,,,,67,,,,,,,,,,,,,,,
,,Diseases - Foliage,Diseases - Foliage - Sooty mold,,,,Capnodium spp and Scorias spp,DF3,,,,,,,68,,,,,,,,,,,,,,,
,,Diseases - Foliage,Diseases - Foliage - Mountain-ash-Juniper rust,,,,Gymnosporangium cornutum,DF4,,,,,,,69,,,,,,,,,,,,,,,
,,Diseases - Foliage,Diseases - Foliage -White pine needle diseases,,,,Mycosphaerella dearnessii and Lecanosticta acicola,DF5,,,,,,,71,,,,,,,,,,,,,,,
,,Diseases - Foliage,Diseases - Foliage - Antracnose,,,,Aureobasidium apocryptum,DF6,,,,,,,101,,,,,,,,,,,,,,,
,,Diseases - Disease-caused dieback of leader,,,,Disease-caused dieback of leader (general),,DL,,,,18,,,,DL,DL,,,,,7,,,,,,,,
,,Diseases - Disease-caused dieback of leader,Diseases - Disease-caused dieback of leader - maple dieback,,,,,DLM,,,,,,,147,,,,,,,,,,,,,,,
,,Diseases - Disease-caused dieback of leader,Diseases - Disease-caused dieback of leader - birch dieback,,,,,DLB,,,,,,,148,,,,,,,,,,,,,,,
,,Diseases - Disease-caused dieback of leader,Diseases - Disease-caused dieback of leader - ash dieback,,,,,DLA,,,,,,,149,,,,,,,,,,,,,,,
,,Diseases - Disease-caused dieback of leader,Diseases - Disease-caused dieback of leader - Dermea canker,,,,Dermea pseudotsugae,DLD,,,,,,,,,DLD,,,,,,,,,,,,,
,,Diseases - Disease-caused dieback of leader,Diseases - Disease-caused dieback of leader - Red Flag Disease,,,,Potebniamyces balsamicola,DLF,,,,,,,,,DLF,,,,,,,,,,,,,
,,Diseases - Disease-caused dieback of leader,Diseases - Disease-caused dieback of leader - Conifer Cytospora Canker,,,,"Leucostoma kunzei (aka Valsa kunzei), Leucocytospora kunzei (aka Cytospora kunzei)",DLK,,,,,,,,,DLK,,,,,,,,,,,,,
,,Diseases - Disease-caused dieback of leader,Diseases - Disease-caused dieback of leader - Phomopsis Canker,,,,Phomopsis lokoyae,DLP,,,,,,,,,DLP,,,,,,,,,,,,,
,,Diseases - Disease-caused dieback of leader,Diseases - Disease-caused dieback of leader - Sydowia (Sclerophoma) Tip Dieback,,,,Sclerophoma pithyophila,DLS,,,,,,,,,DLS,,,,,,,,,,,,,
,,Diseases - Disease-caused dieback of leader,Diseases - Disease-caused dieback of leader - Aspen-Poplar Twig Blight,,,,Venturia spp.,DLV,,,,,,,,,DLV,7,,,,,,,,,,,,
,,Diseases - Dwarf mistletoe,,,,Dwarf mistletoe diseases (general),,DM,,,,19,,,,DM,DM,8,,,,4,,,,43,,,,
,,Diseases - Dwarf mistletoe,Diseases - Dwarf mistletoe - Douglas-fir,,,,Arceuthobium douglasii,DMF,,,,,,,,,DMF,,,,,,,,,,,,,
,,Diseases - Dwarf mistletoe,Diseases - Dwarf mistletoe - Hemlock ,,,,Arceuthobium tsugense,DMH,,,,,,,,,DMH,,,,,,,,,,,,,
,,Diseases - Dwarf mistletoe,Diseases - Dwarf mistletoe - Larch ,,,,Arceuthobium laricis,DML,,,,,,,,,DML,,,,,,,,,,,,,
,,Diseases - Dwarf mistletoe,Diseases - Dwarf mistletoe - Lodgepole pine ,,,,Arceuthobium americanum,DMP,,,,,,,,,DMP,,,,,,,,,,,,,
,,Diseases - Root,,,,Root disease (general),,DR,,,,20,,,,DR,DR,,,,,5,,,,,,,,
"check how many times this code overlaps with SP33X, SP37X",,Diseases - Root,Diseases - Root - Root/butt rot (crack on stump and sign of cavities in stump or roots),,,signs/symptomes of root disease,"e.g. Onnia tomentosa, Armillaria ostoyae, Postia balsamea, Stereum sanguinolentum",DRK,,,,,,,155,,,,,,,,,,"FE30E, FE30A",,,,,
,,Diseases - Root,Diseases - Root - Armillaria Root Disease,,,,Armillaria ostoyae,DRA,,,,,,,57,,DRA,6,,,,,,,,45,,,,
,,Diseases - Root,Diseases - Root - Black Stain Root Disease,,,,Leptographium wageneri,DRB,,,,,,,,,DRB,,,,,,,,,,,,,
,,Diseases - Root,Diseases - Root - Laminated Root Rot (cedar strain),,,,Phellinus weirii,DRC,,,,,,,,,DRC,,,,,,,,,,,,,
,,Diseases - Root,Diseases - Root - Laminated Root Rot (Fd form),,,,Inonotus sulphurascens,DRL,,,,,,,,,DRL,,,,,,,,,,,,,
,,Diseases - Root,Diseases - Root - Annosus Root Disease,,,,Heterobasidion annosum,DRN,,,,,,,56,,DRN,,,,,,,,,,,,,
,,Diseases - Root,Diseases - Root - Rhizina Root Disease,,,,Rhizina undulata,DRR,,,,,,,,,DRR,,,,,,,,,,,,,
note: labelled as DDS in ‘gy_standards_procedures2k3b.pdf’ (but most other documentation treats it as DRS),,Diseases - Root,Diseases - Root - Schweinitzii Butt Rot,,,Ontario: velvet topped fungus,Phaeolus schweinitzii,DRS,,,,,,,209,,DRS,,,,,,,,SP35X,,,,,
,,Diseases - Root,Diseases - Root - Tomentosus Root Rot,,,,Inonotus tomentosus,DRT,,,,,,,50,,DRT,,,,,,,,,,,,,
,,Diseases - Root,Diseases - Root - Kretzschmaria deusta,,,,Kretzschmaria deusta,DRD,,,,,,,,,,,,,,,,,"SP12X, SP12S",,,,,
,,Diseases - Root,Diseases - Root - Coniophora puteana,,,brown rot,Coniophora puteana s. lato,DRE,,,,,,,,,,,,,,,,,SP30X,,,,,
,,Diseases - Root,Diseases - Root - Onnia leporina,,,,Onnia leporina,DRF,,,,,,,,,,,,,,,,,SP32X,,,,,
,,Diseases - Root,Diseases - Root - Onnia tomentosa,,,,Onnia tomentosa,DRG,,,,,,,,,,,,,,,,,SP33X,,,,,
"could classify as a stem rot (as BC), however QC classifies it as a root disease",,Diseases - Root,Diseases - Root - Perenniporia subacida,,,"stringy butt rot; note that BC classifies this as a stem rot, however this disease commonly affects roots and the butt of the trees hence is now categorized as root disease",Perenniporia subacida,DRU,,,,,,,,,DDU,,,,,,,,SP34X,,,,,
,,Diseases - Stem,,,,"Stem disease (general) (e.g. canker rot, rusts, wetwood) ",e.g. Cronartium spp. / Leucostoma sp. / Gremmeniella sp.,DS,,,,21,,,,DS,DS,9,,,,3,,,"NC30X, NC30A",46,"stem disease, stem disease/porcupine, stem diseas/insects, scar/stem disease, w hgt- stem diseased, canker, cankers/bark bettles, canker at base, stem disease-d @1.44",,,
,,Diseases - Stem,Diseases - Stem - Rust (general),,,,,DSU,,,,,,,,,,,,,,,,RO,,,"rust, broom rust",,,
,,Diseases - Stem,Diseases - Stem - Canker (general),,,,,DSK,,"6,17",,,,,103,,,,,,,,,CH,,,"stem cancker, stem canker",,,
subset under hierarchy of rust or canker (then subset as target cankers),,Diseases - Stem,Diseases - Stem - Canker,Diseases - Stem - Canker - perennial target cankers,,,Neonectria ditissima (aka Nectria galligena),DSKT,,,,,,,150,,DST,,,,,,,,,,,,,
check for overlap with specific diseases in category,,Diseases - Stem,Diseases - Stem - Canker,Diseases - Stem - Canker - perennial target cankers,Diseases - Stem - Canker - perennial target cankers - with decay / rot (Neonectria sp. / Eutypella sp. / Ophhiognomonia sp.),,Neonectria sp. / Eutypella sp. / Ophhiognomonia sp.,DSKT1,,,,,,,,,,,,,,,,,"NC07X, NC07S, NC07E, NC07A",,,,,
,,Diseases - Stem,Diseases - Stem - Canker,Diseases - Stem - Canker - perennial target cankers,Diseases - Stem - Canker - perennial target cankers - secondary branch / stem,,Neonectria sp. / Eutypella sp. / Ophhiognomonia sp.,DSKT2,,,,,,,,,,,,,,,,,"NC08X, NC08A",,,,,
,,Diseases - Stem,Diseases - Stem - Canker,Diseases - Stem - Canker - perennial target cankers,Diseases - Stem - Canker - perennial target cankers - Eutypella parasitica (Eutypella canker of maple),,,DSKT5,,,,,,,145,,,,,,,,,,,,,,,
check for overlap with specific diseases in category,,Diseases - Stem,Diseases - Stem - Canker,Diseases - Stem - Canker - perennial target cankers,Diseases - Stem - Canker - perennial target cankers - Cytospora sp. / Ceratocystis populicola / Valsa sordida,,Cytospora sp. / Ceratocystis populicola / Valsa sordida,DSKT3,,,,,,,,,,,,,,,,,"NC09A, NC09X, NC09E",,,,,
,,Diseases - Stem,Diseases - Stem - Canker,Diseases - Stem - Canker - perennial target cankers,Diseases - Stem - Canker - perennial target cankers - cracked bark (Neonectria ditissima / Neonectria faginata),,Neonectria ditissima / Neonectria faginata,DSKT4,,,,,,,,,,,,,,,,,"NC03X, NC03A",,,,,
check for overlap with specific diseases in category,,Diseases - Stem,Diseases - Stem - Canker,Diseases - Stem - Canker - canker rot,Diseases - Stem - Canker - canker rot - Inonotus glomeratus / Kretzschmaria deusta,,Inonotus glomeratus / Kretzschmaria deusta,DSKR1,,,,,,,,,,,,,,,,,"NC01A, NC01X, NC01E",,,,,
check for overlap with specific diseases in category,,Diseases - Stem,Diseases - Stem - Canker,Diseases - Stem - Canker - canker rot,Diseases - Stem - Canker - canker rot - Cystostereum murrayi / Phellinus laevigatus,,Cystostereum murrayi / Phellinus laevigatus,DSKR2,,,,,,,,,,,,,,,,,NC02X,,,,,
subset under hierarchy of rust or canker,,Diseases - Stem,Diseases - Stem - Atropellis Canker (Lodgepole pine),,,,Atropellis piniphila,DSA,,,,,,,,,DSA,,,,,,,,,,,,,
subset under hierarchy of rust or canker,,Diseases - Stem,"Diseases - Stem - White pine Blister Rust (or Gremmeniella abietina, Quebec only)",,,,Cronartium ribicola,DSB,,,,,,,61,,DSB,,,,,,,,HP33A,,,,,
subset under hierarchy of rust or canker,,Diseases - Stem,Diseases - Stem - Comandra Blister Rust,,,,Cronartium comandrae,DSC,,,,,,,,,DSC,,,,,,,,,,,,,
subset under hierarchy of rust or canker,,Diseases - Stem,Diseases - Stem - Sooty Bark Canker,,,,Encoelia pruinosa,DSE,,,,,,,,,DSE,,,,,,,,,,,,,
subset under hierarchy of rust or canker,,Diseases - Stem,Diseases - Stem - Western/Eastern Gall Rust,,,,"Endocronartium harknessii (synonym Peridermium harknessii), Cronartium quercuum",DSG,,,,,,,106,,DSG,10,,,,,,,,44,,,,
subset under hierarchy of rust or canker,,Diseases - Stem,Diseases - Stem - Hypoxylon Canker,,,,Entoleuca (Hypoxylon) mammatum,DSH,,,,,,,73,,DSH,,,,,,,,NC06X,42,"hypox canker, hypox, hypoxilan/skidder, hypoxilon, hypoxilian, hypoxylon, hypoxlyn",,,
subset under hierarchy of rust or canker,,Diseases - Stem,Diseases - Stem - Cryptosphaeria Canker,,,,Cryptosphaeria populina,DSP,,,,,,,,,DSP,,,,,,,,,,,,,
subset under hierarchy of rust or canker,,Diseases - Stem,Diseases - Stem - Ceratocystis Canker,,,,Ceratocystis fimbriata,DSR,,,,,,,,,DSR,,,,,,,,,,,,,
subset under hierarchy of rust or canker,,Diseases - Stem,Diseases - Stem - Stalactiform Blister Rust,,,,Cronartium coleosporioides,DSS,,,,,,,108,,DSS,,,,,,,,,,,,,
,,Diseases - Stem,Diseases - Stem - Nectria coccinea,,,,Nectria coccinea,DST,,,,,,,225,,,,,,,,,,,,,,,
subset under hierarchy of rust or canker,,Diseases - Stem,Diseases - Stem - Cytospora Canker,,,,Cytospora chrysosperma,DSY,,,,,,,58,,DSY,,,,,,,,,,,,,
subset under hierarchy of rust or canker,,Diseases - Stem,Diseases - Stem - Dibotryon morbosum,,,,Dibotryon morbosum (synonym Apiosporina morbosa),DSD,,,,,,,102,,,,,,,,,,DB13X,,,,,
subset under hierarchy of rust or canker,,Diseases - Stem,Diseases - Stem - Agrobacterium tumefaciens,,,,Agrobacterium tumefaciens (synonym Agrobacterium radiobacter),DSF,,,,,,,,,,,,,,,,,"DB14A, DB14X",,,,,
subset under hierarchy of rust or canker,,Diseases - Stem,Diseases - Stem - Pine Canker,,,,Caliciopsis pinea,DSI,,,,,,,,,,,,,,,,,DB39X,,,,,
subset under hierarchy of rust or canker,,Diseases - Stem,Diseases - Stem - Wetwood (bacteria),,,,,DSJ,,,,,,,,,,,,,,,,,FE07X,,,,,
subset under hierarchy of rust or canker,,Diseases - Stem,Diseases - Stem - Fusarium stem canker,,,,Fusarium solani,DS2,,,,,,,,,,,,,,,,,EN08X,,,,,
confirm EN30 is categorized properly (since SP36X explicit to fungal disease),,Diseases - Stem,Diseases - Stem - Porodaedalea pini s. lato,,,,Porodaedalea pini s. lato,DSL,,,,,,,,,,,,,,,,,"EN30E, EN30X, SP36X",,,,,
subset under hierarchy of rust or canker,,Diseases - Stem,Diseases - Stem - Cerrena unicolor (canker rot and decay),,,,Cerrena unicolor,DSM,,,,,,,,,,,,,,,,,SP01X,,,,,
subset under hierarchy of rust or canker,,Diseases - Stem,Diseases - Stem - Chondrostereum purpureum,,,Ontario: Chondrosterium purperium,Chondrostereum purpureum,DSN,,,,,,,114,,,,,,,,,,SP02X,,,,,
subset under hierarchy of rust or canker,,Diseases - Stem,Diseases - Stem - Inonotus glomeratus,,,,Inonotus glomeratus,DSO,,,,,,,,,,,,,,,,,"SP09A, SP09X",,,,,
,,Diseases - Stem,Diseases - Stem - fungal rot detaching or lifting bark,,,detached / raised bark could also be caused by senescence, e.g. Ophiostoma ulmi / Ophiostoma novo-ulmi / other agarics / Postia balsamea / Postia subacida / Stereum sanguinolentum / Onnia tomentosa / Armillaria ostoyae / Phaeolus schweinitzii,DSQ,,38,,,,,,,,,,,,,,,"NC10X, NC31X",,peeling bark,,,
,,Diseases - Stem,Diseases - Stem - Dutch elm disease,,,,Ophiostoma ulmi / Ophiostoma novo-ulmi,DS1,,,,,,,72,,,,,,,,,,,,,,,
,,Diseases - Stem,Diseases - Stem - Scleroderris canker,,,,Scleroderris spp,DSV,,,,,,,60,,,,,,,,,,,,,,,
,,Diseases - Stem,Diseases - Stem - Sweetfern blister rust,,,,Cronartium comptoniae,DSW,,,,,,,62,,,,,,,,,,,,,,,
,,Diseases - Stem,Diseases - Stem - Diplodia tip blight,,,,Diplodia pinea (Saphaeropsis sapinea),DSX,,,,,,,105,,,,,,,,,,,,,,,
,,Diseases - Stem,Diseases - Stem - Kabatina shoot blight,,,,Kabatina juniperi,DSZ,,,,,,,107,,,,,,,,,,,,,,,
,,Diseases - Stem,Diseases - Stem - Butternut canker,,,,Sirococcus clavigignenti-juglandacearum,DS8,,,,,,,154,,,,,,,,,,,,,,,
,,Diseases - Stem,Diseases - Stem - Oak wilt,,,,Bretziella fagacearum,DS9,,,,,,,153,,,,,,,,,,,,,,,
,,Diseases - Stem,Diseases - Stem - Black bark,,,,Steganosporium ovatum,DS3,,,,,,,203,,,,,,,,,,,,,,,
,,Diseases - Stem,Diseases - stem - Knot (punk knot),,,,,DS4,,"10,30,33",,,,,,,,,,,,,,,,,,,,
,,Diseases - Stem,Diseases - stem - coal fungus,,,,Daldinia concentrica,DS5,,28,,,,,,,,,,,,,,,,,,,,
,,Diseases - Stem,Diseases - stem - Spine tooth fungus,,,,,DS6,,,,,,,,,,,,,,,,,,,,,,
,,Diseases - Stem,Diseases - stem - False Tinder fungus,,,,,DS7,,,,,,,,,,,,,,,,,,,,,,
,,Diseases - Cone and seedling,,,,,,DP,,,,,,,,,P,,,,,,,,,,,,,
,,Diseases - Cone and seedling,Diseases - Cone and seedling - Alternaria spp.,,,gray mould,,DPA,,,,,,,,,PAX,,,,,,,,,,,,,
,,Diseases - Cone and seedling,Diseases - Cone and seedling - Botrytris cinerea,,,,,DPBC,,,,,,,,,PBC,,,,,,,,,,,,,
,,Diseases - Cone and seedling,Diseases - Cone and seedling - Neonectria radicicola,,,seed or cold fungus,,DPCD,,,,,,,,,PCD,,,,,,,,,,,,,
,,Diseases - Cone and seedling,Diseases - Cone and seedling - Caloscypha fulgens,,,,,DPCF,,,,,,,,,PCF,,,,,,,,,,,,,
,,Diseases - Cone and seedling,Diseases - Cone and seedling - Chrysomyxa pirolata,,,inland spruce cone rust,,DPCP,,,,,,,64,,PCP,,,,,,,,,,,,,
,,Diseases - Cone and seedling,Diseases - Cone and seedling - Fusarium spp.,,,damping-off disease,,DPF,,,,,,,,,PFX,,,,,,,,,,,,,
,,Diseases - Cone and seedling,Diseases - Cone and seedling - Phoma glomerata,,,,,DPPG,,,,,,,,,PPG,,,,,,,,,,,,,
,,Diseases - Cone and seedling,Diseases - Cone and seedling - Penicillium spp.,,,,,DPP,,,,,,,,,PPX,,,,,,,,,,,,,
,,Diseases - Cone and seedling,Diseases - Cone and seedling - Trichothecium spp.,,,,,DPT,,,,,,,,,PTX,,,,,,,,,,,,,
,I: Insects,,,,,Insects (general),,I,26,42,4,,,,120,I,I,20,,,40,21,,,,50,"stem diseas/insects, scar/insects, insect, insect damage, insects",,I,
,,Insects - Aphids,,,,aphids (general),,IA,,,,22,,,40,IA,IA,,,,,,,,,57,"gull aphids, gall aphid, aphid not green",,,
,,Insects - Aphids,Insects - Aphids - Balsam Woolly Adelgid,,,,Adelges piceae,IAB,,,,,,,,,IAB,,,,,,,,,,,,,"1,2,3,4,5,6"
,,Insects - Aphids,Insects - Aphids - Giant Conifer Aphid,,,,Cinara spp.,IAC,,,,,,,,,IAC,,,,,,,,,,,,,
,,Insects - Aphids,Insects - Aphids - Cooley Spruce Gall Adelgid,,,Ontario: Cooley spruce gall aphid,Adelges cooleyi,IAG,,,,,,,92,,IAG,,,,,,,,,,,,,
,,Insects - Aphids,Insects - Aphids - Larch (Lw) Cone Woolly Aphid,,,,Adelges lariciatus,IAL,,,,,,,,,IAL,,,,,,,,,,,,,
,,Insects - Aphids,Insects - Aphids - Green Spruce Aphid,,,,Elatobium abietinum,IAS,,,,,,,,,IAS,,,,,,,,,,,,,
,,Insects - Aphids,Insects - Aphids - Pine bark adelgid,,,,Pineus strobi,IAP,,,,,,,14,,,,,,,,,,,,,,,
,,Insects - Aphids,Insects - Aphids - Eastern spruce gall adelgid,,,,Adelges abietis,IAE,,,,,,,15,,,,,,,,,,,,,,,
,,Insects - Bark beetles,,,,Bark beetles (general),,IB,,,,23,,,,IB,IB,,,,,9,,,,53,"bark beetles, beetle damage, cankers/bark bettles",,,
,,Insects - Bark beetles,Insects - Bark beetles - Western Balsam Bark Beetle,,,,Dryocoetes confusus,IBB,,,,,,,,,IBB,,,,,,,,,,,,,
could be subset of Dendroctonus spp,,Insects - Bark beetles,Insects - Bark beetles - Douglas-fir Beetle,,,,Dendroctonus pseudotsugae,IBD,,,,,,,,,IBD,,,,,,,,,,,,,
,,Insects - Bark beetles,Insects - Bark beetles - Silver Fir Beetle,,,,Pseudohylesinus sericeus,IBE,,,,,,,,,IBE,,,,,,,,,,,,,
could be classified as subset of IBI,,Insects - Bark beetles,Insects - Bark beetles - Fir Engraver Beetle,,,,Scolytus ventralis,IBF,,,,,,,,,IBF,,,,,,,,,,,,,
,,Insects - Bark beetles,Insects - Bark beetles - Hylurgops Beetle,,,,Hylurgops rugipennis,IBH,,,,,,,,,IBH,,,,,,,,,,,,,
,,Insects - Bark beetles,Insects - Bark beetles - Engraver Beetles,,,Ontario: pine engraver,Ips spp.,IBI,,,,,,,23,,IBI,,,,,,,,,,,,,
could be subset of Dendroctonus spp,,Insects - Bark beetles,Insects - Bark beetles - Lodgepole Pine Beetle,,,,Dendroctonus murryanae,IBL,,,,,,,,,IBL,,,,,,,,,,,,,
could be subset of Dendroctonus spp,,Insects - Bark beetles,Insects - Bark beetles - Mountain Pine Beetle,,,,Dendroctonus ponderosae,IBM,,,,,,,,,IBM,3,,,,,,,,,,,,
,,Insects - Bark beetles,Insects - Bark beetles - Twig Beetles,,,,"Pityogenes, Pityophthorus spp.",IBP,,,,,,,,,IBP,,,,,,,,,,,,,
,,Insects - Bark beetles,Insects - Bark beetles - Fir Root Bark Beetle,,,,Pseudohylesinus granulatus,IBR,,,,,,,,,IBR,,,,,,,,,,,,,
could be subset of Dendroctonus spp,,Insects - Bark beetles,Insects - Bark beetles - Spruce Beetle,,,,Dendroctonus rufipennis,IBS,,,,,,,,,IBS,,,,,,,,,,,,,
could be subset of Dendroctonus spp,,Insects - Bark beetles,Insects - Bark beetles - Red Turpentine Beetle,,,,Dendroctonus valens,IBT,,,,,,,,,IBT,,,,,,,,,,,,,
could be subset of Dendroctonus spp,,Insects - Bark beetles,Insects - Bark beetles - Western Pine Beetle,,,,Dendroctonus brevicomis,IBW,,,,,,,,,IBW,,,,,,,,,,,,,
,,Insects - Bark beetles,Insects - Bark beetles - Sugar maple borer,,,,Glycobius speciosus,IBA,,,,,,,144,,,,,,,,,,,,,,,
,,Insects - Bark beetles,Insects - Bark beetles - Sugar maple borer,Insects - Bark beetles - Sugar maple borer - recent attack,,"perceur de l’érable (Galeries du perceur de l’érable: attaques récentes, de 1 à 3 blessures ouvertes, sans symptôme de pourriture profonde)",Glycobius speciosus,IBAR,,,,,,,,,,,,,,,,,VP01X,,,,,
,,Insects - Bark beetles,Insects - Bark beetles - Sugar maple borer,Insects - Bark beetles - Sugar maple borer - recent attack,Insects - Bark beetles - Sugar maple borer - recent attack - multiple attacks,"perceur de l’érable (Galeries du perceur de l’érable: attaques récentes, plus de 3 blessures ourvertes our 1 seule sur plus de 2 faces, bois ferme ou symptôme de pourriture superficielle)",Glycobius speciosus,IBAR1,,,,,,,,,,,,,,,,,VP01A,,,,,
,,Insects - Bark beetles,Insects - Bark beetles - Sugar maple borer,Insects - Bark beetles - Sugar maple borer - old attack,"Insects - Bark beetles - Sugar maple borer - old attack, with deep rot/decay - with deep rot/decay on 1 or less side of stem","perceur de l’érable (Galeries du perceur de l’érables: attaques anciennes sur 1 face ou moins, blessure ouverte avec symptômes de pourriture profonde)",Glycobius speciosus,IBAO1,,,,,,,,,,,,,,,,,VP03A,,,,,
,,Insects - Bark beetles,Insects - Bark beetles - Sugar maple borer,Insects - Bark beetles - Sugar maple borer - old attack,Insects - Bark beetles - Sugar maple borer - old attack - with deep rot/decay on more than 1 side of stem,"perceur de l’érable (Galeries du perceur de l’érables: attaques anciennes sur plus d’une face, blessure ouverte avec symptômes de pourriture profonde)",Glycobius speciosus,IBAO2,,,,,,,,,,,,,,,,,VP02X,,,,,
,,Insects - Bark beetles,Insects - Bark beetles - Sugar maple borer,Insects - Bark beetles - Sugar maple borer - old attack,,"perceur de l’érable (Galeries du perceur de l’érables: attaques anciennes sur 1 ou 2 faces, vielle blessure fermée sans symptôme visible de pourriture, parfois avec un renflement)",Glycobius speciosus,IBAO,,,,,,,,,,,,,,,,,VP03X,,,,,
,,Insects - Bark beetles,Insects - Bark beetles - various Scolytinae species or woodwasp,,,Scolytes - Dendroctones - Sirex,"e.g. Dendroctonus spp., Sirex spp.",IBX,,,,,,,,,,,,,,,,,"VP32E, VP32X",,,,,
,,Insects - Bark beetles,Insects - Bark beetles - Elm bark beetle,,,,Hylurgopinus rufipes,IB1,,,,,,,47,,,,,,,,,,,,,,,
,,Insects - Bark beetles,Insects - Bark beetles - Sawyer beetle,,,,Monochamus spp.,IB2,,,,,,,94,,,,,,,,,,,,,,,
,,Insects - Bark beetles,Insects - Bark beetles - flat-headed borers,,,,Buprestidae spp.,IB3,,,,,,,95,,,,,,,,,,,,,,,
,,Insects - Bark beetles,Insects - Bark beetles - flat-headed borers,Insects - Bark beetles - flat-headed borers - Emerald ash borer,,,Agrilus planipennis,IB4,,,,,,,224,,,,,,,,,,,,,,,
,,Insects - Defoliators,,,,Insect defoliators (general) (note: defoliators are defined by second-level hierarchical codes of ‘D’ or ‘E’),,ID,10,,,24,,,,ID,ID,2,,,,,I,,,56,,,,
,,Insects - Defoliators,Insects - Defoliators - Leaf Beetles,,,,Chrysomela spp.,ID1,,,,,,,,,ID1,,,,,,,,,,,,,
,,Insects - Defoliators,Insects - Defoliators - Bruce Spanworm,,,,Operophtera bruceata,ID2,,,,,,,97,,ID2,,,,,,,,,,,,,
,,Insects - Defoliators,Insects - Defoliators - Winter Moth,,,,Operophtera brumata,ID3,,,,,,,,,ID3,,,,,,,,,,,,,
,,Insects - Defoliators,Insects - Defoliators - Fall Webworm,,,,Hyphantria cunea,ID5,,,,,,,29,,ID5,,,,,,,,,,,,,
,,Insects - Defoliators,Insects - Defoliators - Aspen Leaf Miner,,,,Phyllocristis populiella,ID6,,,,,,,,,ID6,,,,,,,,,,,,,
,,Insects - Defoliators,Insects - Defoliators - Aspen Leaf Roller,,,,Pseudexentera oregonana,ID8,,,,,,,,,ID8,,,,,,,,,,,,,
,,Insects - Defoliators,Insects - Defoliators - Dark-headed aspen leaf roller,,,,Anacampsis innocuella,ID4,,,,,,,33,,,,,,,,,,,,,,,
,,Insects - Defoliators,Insects - Defoliators - Birch Leaf Skeletonizer,,,,Buccalatrix spp.,ID9,,,,,,,,,ID9,,,,,,,,,,,,,
,,Insects - Defoliators,Insects - Defoliators - Black army cutworm,,,,Actebia fennica,IDA,,,,,,,,,IDA,,,,,,,,,,,,,
,,Insects - Defoliators,Insects - Defoliators - two-year budworm ,,,,Choristoneura biennis,IDB,,,,,,,,,IDB,,,,,,,,,,,,,
,,Insects - Defoliators,Insects - Defoliators - jack pine budworm,,,,Choristoneura pinus pinus,IDP,,,,,,,8,,,,,,,,,,,,,,,
,,Insects - Defoliators,Insects - Defoliators - Larch casebearer,,,,Coleophora laricella,IDC,,,,,,,,,IDC,,,,,,,,,,,,,
,,Insects - Defoliators,Insects - Defoliators - western winter moth ,,,,Erranis tiliaria vancouverensis,IDD,,,,,,,,,IDD,,,,,,,,,,,,,
,,Insects - Defoliators,Insects - Defoliators - Eastern Spruce Budworm (SBW),,,,Choristoneura fumiferana,IDE,,,,,,,7,,IDE,1,,,,,,,,51,"budwarm, killed by budworm, died due to budworm",,,
,,Insects - Defoliators,Insects - Defoliators - Spruce Budworm (SBW),,,Low,,IDE,4,,,,,,,,,,,,43,,,,,,,,,
,,Insects - Defoliators,Insects - Defoliators - Spruce Budworm (SBW),,,Med,,IDE,5,,,,,,,,,,,,44,,,,,,,,,
,,Insects - Defoliators,Insects - Defoliators - Spruce Budworm (SBW),,,High,,IDE,6,,,,,,,,,,,,45,,,,,,,,,
,,Insects - Defoliators,Insects - Defoliators - Spruce bud moth,,,,Zeiraphera canadensis,IDS,,,,,,,93,,,,,,,,,,,,,,,
,,Insects - Defoliators,Insects - Defoliators - Eastern tent caterpillar,,,,Malacosoma americanum,IDF2,,,,,,,,,,,,,,,,,,,,,,
,,Insects - Defoliators,Insects - Defoliators - Forest Tent Caterpillar,,,,Malacosoma disstria,IDF1,,,,,,,30,,IDF,,,,,,,,,,,,,
,,Insects - Defoliators,Insects - Defoliators - Forest Tent Caterpillar,,,Low,,IDF1,46,,,,,,,,,,,,58,,,,,,,,,
,,Insects - Defoliators,Insects - Defoliators - Forest Tent Caterpillar,,,Med,,IDF1,47,,,,,,,,,,,,59,,,,,,,,,
,,Insects - Defoliators,Insects - Defoliators - Forest Tent Caterpillar,,,High,,IDF1,48,,,,,,,,,,,,60,,,,,,,,,
,,Insects - Defoliators,Insects - Defoliators - Greenstriped Forest Looper,,,,Melanolophia imitata,IDG,,,,,,,,,IDG,,,,,,,,,,,,,
,,Insects - Defoliators,Insects - Defoliators - Western Blackheaded Budworm,,,,Acleris gloverana,IDH,,,,,,,,,IDH,,,,,,,,,,,,,
,,Insects - Defoliators,Insects - Defoliators - Pine Needle Sheath Miner ,,,,Zellaria haimbachi,IDI,,,,,,,,,IDI,,,,,,,,,,,,,
,,Insects - Defoliators,Insects - Defoliators - Gray Forest Looper,,,,Caripeta divista,IDJ,,,,,,,,,IDJ,,,,,,,,,,,,,
,,Insects - Defoliators,Insects - Defoliators - Northern Tent Caterpillar,,,,Malacosoma californicum,IDF3,,,,,,,,,IDK,,,,,,,,,,,,,
,,Insects - Defoliators,Insects - Defoliators - Hemlock Looper,Insects - Defoliators - Western Hemlock Looper,,,Lambdina fiscellaria lugubrosa,IDLW,"23,24,25",,,,,,,,IDL,,,,,,,,,,,,,
,,Insects - Defoliators,Insects - Defoliators - Hemlock Looper,Insects - Defoliators - Eastern Hemlock Looper,,,Lambdina fiscellaria fiscellaria,IDLE,,,,,,,91,,,,,,,,,,,,,,,
,,Insects - Defoliators,Insects - Defoliators - Gypsy Moth,,,,Lymantria dispar,IDM,,,,,,,98,,IDM,,,,,,,,,,,,,
,,Insects - Defoliators,Insects - Defoliators - Gypsy Moth,,,Low,,IDM,20,,,,,,,,,,,,46,,,,,,,,,
,,Insects - Defoliators,Insects - Defoliators - Gypsy Moth,,,Med,,IDM,21,,,,,,,,,,,,47,,,,,,,,,
,,Insects - Defoliators,Insects - Defoliators - Gypsy Moth,,,High,,IDM,22,,,,,,,,,,,,48,,,,,,,,,
,,Insects - Defoliators,Insects - Defoliators - birch leaf miner,,,,Fenusa pusilla,IDN,,,,,,,26,,IDN,,,,,,,,,,,,,
,,Insects - Defoliators,Insects - Defoliators - Filament Bearer,,,,Nematocampa fiamentaria,IDO,,,,,,,,,IDO,,,,,,,,,,,,,
,,Insects - Defoliators,Insects - Defoliators - Hemlock Needle Miner,,,,Epinotia tsugana,IDQ,,,,,,,,,IDQ,,,,,,,,,,,,,
,,Insects - Defoliators,Insects - Defoliators - Cedar leaf miner,,,,Coleotechnites thujaella,ID7,,,,,,,9,,,,,,,,,,,,,,,
,,Insects - Defoliators,Insects - Defoliators - Douglas-fir Tussock Moth,,,,Orgyia pseudotsugata,IDT,,,,,,,,,IDT,,,,,,,,,,,,,
,,Insects - Defoliators,Insects - Defoliators - Satin Moth,,,,Leucoma salicis,IDU,,,,,,,,,IDU,,,,,,,,,,,,,
,,Insects - Defoliators,Insects - Defoliators - Variegated Cutworm,,,,Peridroma saucia,IDV,,,,,,,,,IDV,,,,,,,,,,,,,
,,Insects - Defoliators,Insects - Defoliators - Western Spruce Budworm,,,,Choristoneura occidentalis,IDW,,,,,,,,,IDW,,,,,,,,,,,,,
,,Insects - Defoliators,Insects - Defoliators - Large Aspen Tortrix ,,,,Choristoneura conflictana,IDX,,,,,,,110,,IDX,,,,,,,,,,,,,
,,Insects - Defoliators,Insects - Defoliators - Birch-Aspen Leafroller,,,,Epinotia solandriana (Linnaeus),IDY,,,,,,,,,IDY,,,,,,,,,,,,,
,,Insects - Defoliators,Insects - Defoliators - Western False Hemlock Looper,,,,Nepytia freemani,IDZ,,,,,,,,,IDZ,,,,,,,,,,,,,
,,Insects - Defoliators,Insects - Defoliators - Unidentified Aspen Defoliation,,,,,IEA,,,,,,,,,IEA,,,,,,,,,,,,,
,,Insects - Defoliators,Insects - Defoliators - Larch Budmoth,,,,Zairaphera improbana,IEC,,,,,,,,,IEC,,,,,,,,,,,,,
,,Insects - Defoliators,Insects - Defoliators - Larch Looper,,,,Semiothis sexmaculata,IED,,,,,,,,,IED,,,,,,,,,,,,,
,,Insects - Defoliators,Insects - Defoliators - Cottonwood Leaf Skeletonizer,,,,Phyllonorycytes apparella,IEF,,,,,,,,,IEF,,,,,,,,,,,,,
,,Insects - Defoliators,Insects - Defoliators - Sawfly,,,,Symphyta,IEN,,,,,,,214,,,,,,,,,,,,,,,
,,Insects - Defoliators,Insects - Defoliators - Sawfly,,,Low,,IEN,37,,,,,,,,,,,,55,,,,,,,,,
,,Insects - Defoliators,Insects - Defoliators - Sawfly,,,Med,,IEN,38,,,,,,,,,,,,56,,,,,,,,,
,,Insects - Defoliators,Insects - Defoliators - Sawfly,,,High,,IEN,39,,,,,,,,,,,,57,,,,,,,,,
,,Insects - Defoliators,Insects - Defoliators - Sawfly,Insects - Defoliators - Sawfly - Hemlock Sawfly,,,Neodiprion tsugae,IENB,,,,,,,,,IEB,,,,,,,,,,,,,
,,Insects - Defoliators,Insects - Defoliators - Sawfly,Insects - Defoliators - Sawfly - Lodgepole pine Sawfly,,,Neodiprion burkei,IENG,,,,,,,,,IEG,,,,,,,,,,,,,
,,Insects - Defoliators,Insects - Defoliators - Sawfly,Insects - Defoliators - Sawfly - European pine sawfly,,,Neodiprion sertifer,IENE,,,,,,,1,,,,,,,,,,,,,,,
,,Insects - Defoliators,Insects - Defoliators - Sawfly,Insects - Defoliators - Sawfly - Alder Sawfly ,,,Eriocampa ovata,IENR,,,,,,,,,IDR,,,,,,,,,,,,,
,,Insects - Defoliators,Insects - Defoliators - Sawfly,Insects - Defoliators - Sawfly - Balsam Fir Sawfly / conifer Sawfly,,,"Neodiprion abietis, Neodiprion spp.",IENS,,,,,,,,,IDS,,,,,,,,,,,,,
,,Insects - Defoliators,Insects - Defoliators - Sawfly,Insects - Defoliators - Sawfly - Larch Sawfly,,,Pristophora erichsoni,IENP,,,,,,,6,,IDP,,,,,,,,,,,,,
,,Insects - Defoliators,Insects - Defoliators - Sawfly,Insects - Defoliators - Sawfly - Yellow-headed spruce sawfly,,,Pikonema alaskensis (Rohwer) ,IEN9,,,,,,,4,,,,,,,32,,,,,,,,
,,Insects - Defoliators,Insects - Defoliators - Sawfly,Insects - Defoliators - Sawfly - Cottonwood Sawfly,,,Nematus currani,IEN4,,,,,,,,,ID4,,,,,,,,,,,,,
,,Insects - Defoliators,Insects - Defoliators - Sawfly,Insects - Defoliators - Sawfly - Woolly Alder Sawfly,,,Eriocampa ovata,IEN7,,,,,,,,,ID7,,,,,,,,,,,,,
,,Insects - Defoliators,Insects - Defoliators - Sawfly,Insects - Defoliators - Sawfly - Redheaded pine sawfly,,,Neodiprion lecontei,IEN8,,,,,,,2,,,,,,,,,,,,,,,
,,Insects - Defoliators,Insects - Defoliators - Sawfly,Insects - Defoliators - Sawfly - Black headed jack pine sawfly,,,Neodiprion nanulus,IEN6,,,,,,,3,,,,,,,,,,,,,,,
,,Insects - Defoliators,Insects - Defoliators - Sawfly,Insects - Defoliators - Sawfly - European spruce sawfly,,,Gilpinia hercyniae,IENU,,,,,,,5,,,,,,,,,,,,,,,
,,Insects - Defoliators,Insects - Defoliators - Sawfly,Insects - Defoliators - Sawfly - Mountain ash sawfly,,,Pristiphora geniculata,IENM,,,,,,,31,,,,,,,,,,,,,,,
,,Insects - Defoliators,Insects - Defoliators - Phantom Hemlock Looper,,,,Nepytia phantasmaria,IEH,,,,,,,,,IEH,,,,,,,,,,,,,
,,Insects - Defoliators,Insects - Defoliators - Saddleback Looper,,,,Ectropis crepuscularia,IEI,,,,,,,,,IEI,,,,,,,,,,,,,
,,Insects - Defoliators,Insects - Defoliators - Willow Leafminer,,,,Micrurapteryx salicifoliella,IEJ,,,,,,,,,IEJ,,,,,,,,,,,,,
,,Insects - Defoliators,Insects - Defoliators - Rusty Tussock Moth,,,,Orgyia antiqua,IEK,,,,,,,,,IEK,,,,,,,,,,,,,
,,Insects - Defoliators,Insects - Defoliators - White marked tussock moth,,,,Orgyia leucostigma,IET,,,,,,,38,,,,,,,,,,,,,,,
,,Insects - Defoliators,Insects - Defoliators - Pine needleminer,,,,Coletechnites spp.,IEL,,,,,,,,,IEL,,,,,,,,,,,,,
,,Insects - Defoliators,Insects - Defoliators - Hemlock Looper,,,,Lambdina fiscellaria (Guenée),IEM,,,,,,,,,,,,,,,,,,,,,,
,,Insects - Defoliators,Insects - Defoliators - Hemlock Looper,,,Low,,IEM,,,,,,,,,,,,,49,,,,,,,,,
,,Insects - Defoliators,Insects - Defoliators - Hemlock Looper,,,Med,,IEM,,,,,,,,,,,,,50,,,,,,,,,
,,Insects - Defoliators,Insects - Defoliators - Hemlock Looper,,,High,,IEM,,,,,,,,,,,,,51,,,,,,,,,
,,Insects - Defoliators,Insects - Defoliators - Tussock moth,,,,Lymantriinae,IEO,,,,,,,,,,,,,,,,,,,,,,
,,Insects - Defoliators,Insects - Defoliators - Tussock moth,,,Low,,IEO,28,,,,,,,,,,,,52,,,,,,,,,
,,Insects - Defoliators,Insects - Defoliators - Tussock moth,,,Med,,IEO,29,,,,,,,,,,,,53,,,,,,,,,
,,Insects - Defoliators,Insects - Defoliators - Tussock moth,,,High,,IEO,30,,,,,,,,,,,,54,,,,,,,,,
,,Insects - Defoliators,Insects - Defoliators - Pine needle scale,,,,Chionaspis pinifoliae,IEP,,,,,,,11,,,,,,,,,,,,,,,
,,Insects - Defoliators,Insects - Defoliators - Pine tortoise scale,,,,Toumeyella parvicornis,IEY,,,,,,,12,,,,,,,,,,,,,,,
,,Insects - Defoliators,Insects - Defoliators - Cankerworm,,,,"Alsophila pometaria, Paleacrita vernata",IER,,,,,,,27,,,,,,,,,,,,,,,
,,Insects - Defoliators,Insects - Defoliators - Oak leaf shredder,,,,Croesia semipurpurana,IEV,,,,,,,32,,,,,,,,,,,,,,,
,,Insects - Defoliators,Insects - Defoliators - Potato leafhopper,,,,Empoasca fabae,IEU,,,,,,,34,,,,,,,,,,,,,,,
,,Insects - Defoliators,Insects - Defoliators - Saddled prominent moth,,,,Heterocampa guttivitta,IES,,,,,,,35,,,,,,,,,,,,,,,
,,Insects - Defoliators,Insects - Defoliators - Spiny elm caterpillar,,,,Nymphalis antiopa,IEE,,,,,,,36,,,,,,,,,,,,,,,
,,Insects - Defoliators,Insects - Defoliators - Walnut caterpillar moth,,,,Datana integerrima,IEW,,,,,,,37,,,,,,,,,,,,,,,
,,Insects - Defoliators,Insects - Defoliators - Cottony maple scale,,,,Pulvinaria innumerabilis,IEQ,,,,,,,42,,,,,,,,,,,,,,,
,,Insects - Defoliators,Insects - Defoliators - Flea beetle,Insects - Defoliators - Flea beetle - Poplar flea beetle,,,Altica populi,IEX,,,,,,,99,,,,,,,,,,,,,,,
,,Insects - Defoliators,Insects - Defoliators - Birch skeletonizer,,,,Bucculatrix canadensisella,IEB,,,,,,,170,,,,,,,,,,,,,,,
,,Insects - Shoot insects,,,,Shoot insects (general),,IS,40,,,25,,,,IS,IS,,,,,,,,VP07X,54,,,,
,,Insects - Shoot insects,Insects - Shoot insects - Bronze Birch Borer,,,,Agrilus anxius,ISA,,,,,,,46,,ISA,,,,,,,,,,,,,
,,Insects - Shoot insects,Insects - Shoot insects - Western Cedar Borer,,,,Trachykele blondeli,ISB,,,,,,,,,ISB,,,,,,,,,,,,,
,,Insects - Shoot insects,Insects - Shoot insects - Poplar Borer,,,,Saperda calcarata,ISC,,,,,,,,,ISC,,,,,,,,,,pop borer,,,
,,Insects - Shoot insects,Insects - Shoot insects - European Pine Shoot Moth,,,,Rhyacionia buoliana,ISE,,,,,,,16,,ISE,,,,,,,,,,,,,
,,Insects - Shoot insects,Insects - Shoot insects - Gouty Pitch Midge,,,,Cecidomyia piniinopsis,ISG,,,,,,,,,ISG,,,,,,,,,,,,,
,,Insects - Shoot insects,Insects - Shoot insects - Pitch Nodule Moths,,,e.g. Nodulier du pin - Nodulier du pin gris; Ontario: Northern pitch twig moth,Petrova spp. (e.g. Petrova albicapitana),ISP,,,,,,,20,,ISP,,,,,,,,VP34X,,,,,
,,Insects - Shoot insects,Insects - Shoot insects - Sequoia Pitch Moth,,,,Vespamima sequoiae,ISQ,,,,,,,,,ISQ,,,,,,,,,,,,,
,,Insects - Shoot insects,Insects - Shoot insects - Western Pine Shoot Borer,,,,Eucosma sonomana,ISS,,,,,,,,,ISS,,,,,,,,,,,,,
,,Insects - Shoot insects,Insects - Shoot insects - Eastern pine shoot borer,,,,Eucosma gloriola,ISN,,,,,,,18,,,,,,,,,,,,,,,
,,Insects - Shoot insects,Insects - Shoot insects - Poplar and Willow Borer,,,,Cryptorhynchus lapathi,ISW,,,,,,,49,,ISW,,,,,,,,,,,,,
,,Insects - Shoot insects,Insects - Shoot insects - Spruce bud midge,,,,Mayetiola piceae,ISM,,,,,,,,,,,,,,31,,,,,,,,
,,Insects - Shoot insects,Insects - Shoot insects - little carpenterworm,,,Ver charpentier des bois francs (attaque le chêne rouge); targets red oak,Prionoxystus macmurtrei,ISL,,,,,,,,,,,,,,,,,VP06X,,,,,
,,Insects - Shoot insects,Insects - Shoot insects - carpenter ants,,,"Fourmis gâte-bois et autres perce-bois (vermoulures en surface et sciures au pied, piqûres de pics, renflement au pied, carie apparente); carpenter ants and other wood borers (surface holes and sawdust at foot of tree, woodpecker holes, swollen stump, cavity apparent)",e.g. Camponotus pennsylvanicus,ISK,,,,,,,,,,,,,,,,,"VP33E, VP33X",55,,,,
,,Insects - Shoot insects,Insects - Shoot insects - Pine spittlebug,,,,Aphrophora cribrata,ISI,,,,,,,13,,,,,,,,,,,,,,,
,,Insects - Shoot insects,Insects - Shoot insects - Zimmerman pine moth,,,,Dioryctria zimmermani,ISZ,,,,,,,17,,,,,,,,,,,,,,,
,,Insects - Shoot insects,Insects - Shoot insects - Willow shoot sawfly,,,,Janus abbreviatus,IST,,,,,,,39,,,,,,,,,,,,,,,
,,Insects - Shoot insects,Insects - Shoot insects - Oystershell scale,,,,Lepidosaphes ulmi,ISO,,,,,,,43,,,,,,,,,,,,,,,
,,Insects - Shoot insects,Insects - Shoot insects - Locust borer,,,,Prionoxystus robiniae,ISR,,,,,,,48,,,,,,,,,,,,,,,
,,Insects - Shoot insects,Insects - Shoot insects - cutworm (and nematode),,,Ontario: this code includes both cutworms and nematodes ,,ISU,,,,,,,51,,,,,,,,,,,,,,,
,,Insects - Shoot insects,Insects - Shoot insects - cutworm (and nematode),Insects - Shoot insects - cutworm (and nematode) - black army cutworm,,,Actebia fennica,ISUB,,,,,,,96,,,,,,,,,,,,,,,
,,Insects - Shoot insects,Insects - Shoot insects -Beech scale,,,,Cryptococcus fagisuga,ISH,3,,,,,,168,,,,,,,,,,,,,,,
,,Insects - Weevils,,,,Root collar and terminal weevils (general),,IW,,,,26,,,,IW,IW,,,,,,,,,,,,,
,,Insects - Weevils,Insects - Weevils - Terminal weevils,,,,,IWT,,,,,,,,,,5,,,,,,,,,,,,
,,Insects - Weevils,Insects - Weevils - Root collar weevils,,,,,IWR,,,,,,,,,,4,,,,,,,,,,,,
,,Insects - Weevils,Insects - Weevils - Root collar weevils,Insects - Weevils - Root collar weevils - Conifer Seedling Weevil,,,Steremnius carinatus,IWRC,,,,,,,,,IWC,,,,,,,,,,,,,
,,Insects - Weevils,Insects - Weevils - Root collar weevils,Insects - Weevils - Root collar weevils - Warren’s Root Collar Weevil,,,Hylobius warreni,IWRW,,,,,,,109,,IWW,,,,,,,,,,,,,
,,Insects - Weevils,Insects - Weevils - Root collar weevils,Insects - Weevils - Root collar weevils - Pales weevil,,,Hylobius pales,IWRP,,,,,,,21,,,,,,,,,,,,,,,
may not be considered a solely root collar type of weevil (i.e. targets trunk and branches as well),,Insects - Weevils,Insects - Weevils - Root collar weevils,Insects - Weevils - Root collar weevils - Northern pine weevil,,,Pissodes nemorensis,IWRN,,,,,,,22,,,,,,,,,,,,,,,
,,Insects - Weevils,Insects - Weevils - Root collar weevils,Insects - Weevils - Root collar weevils - Pine root collar weevil,,,Hylobius radicis,IWRR,,,,,,,24,,,,,,,,,,,,,,,
,,Insects - Weevils,Insects - Weevils - Terminal weevils,Insects - Weevils - Terminal weevils - Magdalis Species,,,Magdalis spp.,IWTM,,,,,,,,,IWM,,,,,,,,,,,,,
,,Insects - Weevils,Insects - Weevils - Terminal weevils,Insects - Weevils - Terminal weevils - Lodgepole pine Terminal Weevil,,,Pissodes terminalis,IWTP,,,,,,,,,IWP,,,,,,,,,,,,,
,,Insects - Weevils,Insects - Weevils - Terminal weevils,Insects - Weevils - Terminal weevils - White pine Weevil,,in Quebec: codes EN32A and EN32X can be indicative of White Pine weevil (therefore hard coded when tree is a pine or spruce),Pissodes strobi,IWTS,51,,,,,,19,,IWS,,,,61,30,,,,52,,,,
,,Insects - Weevils,Insects - Weevils - Terminal weevils,Insects - Weevils - Terminal weevils - Cylindrocopturus Weevil,,,Cylindrocopturus spp.,IWTY,,,,,,,,,IWY,,,,,,,,,,,,,
,,Insects - Weevils,Insects - Weevils - Terminal weevils,Insects - Weevils - Terminal weevils - Yosemite Bark Weevil,,,Pissodes schwartzii,IWTZ,,,,,,,,,IWZ,,,,,,,,,,,,,
,,Insects - Cone and Seed Insects,,,,,,IC,,,,,,,,,C,,,,,,,,,,,,,
,,Insects - Cone and Seed Insects,Insects - Cone and Seed Insects - Asynapta spp.,Insects - Cone and Seed Insects - Asynapta hopkinsi (Cone resin midge),,,,ICAH,,,,,,,,,CAH,,,,,,,,,,,,,
,,Insects - Cone and Seed Insects,Insects - Cone and Seed Insects - Barbara spp.,Insects - Cone and Seed Insects - Barbara colfaxiana (Douglas fir cone moth),,,,ICBC,,,,,,,,,CBC,,,,,,,,,,,,,
,,Insects - Cone and Seed Insects,Insects - Cone and Seed Insects - Barbara spp.,Insects - Cone and Seed Insects - Barbara sp. (Fir cone moth),,,,ICB,,,,,,,,,CBX,,,,,,,,,,,,,
,,Insects - Cone and Seed Insects,Insects - Cone and Seed Insects - Camptomyia spp.,Insects - Cone and Seed Insects - Camptomyia pseudotsugae,,,,ICCP,,,,,,,,,CCP,,,,,,,,,,,,,
,,Insects - Cone and Seed Insects,Insects - Cone and Seed Insects - Dasineura spp.,Insects - Cone and Seed Insects - Dasineura canadensis (Sx cone gall midge),,,,ICDC,,,,,,,,,CDC,,,,,,,,,,,,,
,,Insects - Cone and Seed Insects,Insects - Cone and Seed Insects - Dasineura spp.,Insects - Cone and Seed Insects - Dasineura abiesemia (Fir seed midge),,,,ICDD,,,,,,,,,CDD,,,,,,,,,,,,,
,,Insects - Cone and Seed Insects,Insects - Cone and Seed Insects - Dasineura spp.,Insects - Cone and Seed Insects - Dasineura rachiphaga (Sx cone axis midge),,,,ICDR,,,,,,,,,CDR,,,,,,,,,,,,,
,,Insects - Cone and Seed Insects,Insects - Cone and Seed Insects - Dasineura spp.,Insects - Cone and Seed Insects - Dasineura spp. (Dasineura midges),,,,ICD,,,,,,,,,CDX,,,,,,,,,,,,,
,,Insects - Cone and Seed Insects,Insects - Cone and Seed Insects - Earomyia spp.,Insects - Cone and Seed Insects - Earomyia abietum (Fir cone maggot),,,,ICEA,,,,,,,,,CEA,,,,,,,,,,,,,
,,Insects - Cone and Seed Insects,Insects - Cone and Seed Insects - Earomyia spp.,Insects - Cone and Seed Insects - Earomyia babara,,,,ICEB,,,,,,,,,CEB,,,,,,,,,,,,,
,,Insects - Cone and Seed Insects,Insects - Cone and Seed Insects - Earomyia spp.,Insects - Cone and Seed Insects - Earomyia aquilonia,,,,ICEQ,,,,,,,,,CEQ,,,,,,,,,,,,,
,,Insects - Cone and Seed Insects,Insects - Cone and Seed Insects - Earomyia spp.,Insects - Cone and Seed Insects - Earomyia spp. (Earomyia maggots),,,,ICE,,,,,,,,,CEX,,,,,,,,,,,,,
,,Insects - Cone and Seed Insects,Insects - Cone and Seed Insects - Emobius spp.,Insects - Cone and Seed Insects - Emobius punctulatus (Douglas fir cone beetle),,,,ICFP,,,,,,,,,CFP,,,,,,,,,,,,,
,,Insects - Cone and Seed Insects,Insects - Cone and Seed Insects - Choristoneura spp.,Insects - Cone and Seed Insects - Choristoneura spp. (budworms),,,,ICH,,,,,,,,,CHX,,,,,,,,,,,,,
,,Insects - Cone and Seed Insects,Insects - Cone and Seed Insects - Diosyctria spp.,Insects - Cone and Seed Insects - Dioryctria abietivorella (Fir coneworm),,,,ICIA,,,,,,,,,CIA,,,,,,,,,,,,,
,,Insects - Cone and Seed Insects,Insects - Cone and Seed Insects - Diosyctria spp.,Insects - Cone and Seed Insects - Dioryctria pseudotsugella (Douglas fir coneworm),,,,ICIP,,,,,,,,,CIP,,,,,,,,,,,,,
,,Insects - Cone and Seed Insects,Insects - Cone and Seed Insects - Diosyctria spp.,Insects - Cone and Seed Insects - Dioryctria reniculelloides (Sx coneworm),,,,ICIR,,,,,,,,,CIR,,,,,,,,,,,,,
,,Insects - Cone and Seed Insects,Insects - Cone and Seed Insects - Diosyctria spp.,Insects - Cone and Seed Insects - Dioryctria rossi (Pine coneworm),,,,ICIS,,,,,,,,,CIS,,,,,,,,,,,,,
,,Insects - Cone and Seed Insects,Insects - Cone and Seed Insects - Diosyctria spp.,Insects - Cone and Seed Insects - Dioryctria auranticella (Py coneworm),,,,ICIV,,,,,,,,,CIV,,,,,,,,,,,,,
,,Insects - Cone and Seed Insects,Insects - Cone and Seed Insects - Diosyctria spp.,Insects - Cone and Seed Insects - Dioryctria spp. (Coneworms),,,,ICI,,,,,,,,,CIX,,,,,,,,,,,,,
,,Insects - Cone and Seed Insects,Insects - Cone and Seed Insects - Leptogiossus spp.,Insects - Cone and Seed Insects - Leptogiossus occidentalis (Western conifer seed bug),,,,ICLO,,,,,,,,,CLO,,,,,,,,,,,,,
,,Insects - Cone and Seed Insects,Insects - Cone and Seed Insects - Megastigmus spp.,Insects - Cone and Seed Insects - Megastigmus albifrons (Py seed chalcid),,,,ICMA,,,,,,,,,CMA,,,,,,,,,,,,,
,,Insects - Cone and Seed Insects,Insects - Cone and Seed Insects - Megastigmus spp.,Insects - Cone and Seed Insects - Megastigmus piceae (Sx seed chalcid),,,,ICMC,,,,,,,,,CMC,,,,,,,,,,,,,
,,Insects - Cone and Seed Insects,Insects - Cone and Seed Insects - Megastigmus spp.,Insects - Cone and Seed Insects - Megastigmus lasiocarpae (Bl seed chalcid),,,,ICML,,,,,,,,,CML,,,,,,,,,,,,,
,,Insects - Cone and Seed Insects,Insects - Cone and Seed Insects - Megastigmus spp.,Insects - Cone and Seed Insects - Megastigmus pinus (Fir seed chalcid),,,,ICMP,,,,,,,,,CMP,,,,,,,,,,,,,
,,Insects - Cone and Seed Insects,Insects - Cone and Seed Insects - Megastigmus spp.,Insects - Cone and Seed Insects - Megastigmus rafni,,,,ICMR,,,,,,,,,CMR,,,,,,,,,,,,,
,,Insects - Cone and Seed Insects,Insects - Cone and Seed Insects - Megastigmus spp.,Insects - Cone and Seed Insects - Megastigmus spermotrophus (Douglas fir seed chalcid),,,,ICMS,,,,,,,,,CMS,,,,,,,,,,,,,
,,Insects - Cone and Seed Insects,Insects - Cone and Seed Insects - Megastigmus spp.,Insects - Cone and Seed Insects - Megastigmus tsugae (Hw seed chalcid),,,,ICMT,,,,,,,,,CMT,,,,,,,,,,,,,
,,Insects - Cone and Seed Insects,Insects - Cone and Seed Insects - Megastigmus spp.,Insects - Cone and Seed Insects - Megastigmus spp. (seed chalcids),,,,ICM,,,,,,,,,CMX,,,,,,,,,,,,,
,,Insects - Cone and Seed Insects,Insects - Cone and Seed Insects - Conophthorus spp.,Insects - Cone and Seed Insects - Conophthorus ponderosae (Pine cone beetle),,,,ICNP,,,,,,,,,CNP,,,,,,,,,,,,,
,,Insects - Cone and Seed Insects,Insects - Cone and Seed Insects - Pineus spp.,Insects - Cone and Seed Insects - Pineus similis,,,,ICPS,,,,,,,,,CPS,,,,,,,,,,,,,
,,Insects - Cone and Seed Insects,Insects - Cone and Seed Insects - Resseliella spp.,Insects - Cone and Seed Insects - Resseliella spp. (Cone scale midges),,,,ICR,,,,,,,,,CRX,,,,,,,,,,,,,
,,Insects - Cone and Seed Insects,Insects - Cone and Seed Insects - Strobilomyia spp.,Insects - Cone and Seed Insects - Strobilomyia neanthracina (Spiral spruce cone borer),,,,ICSN,,,,,,,,,CSN,,,,,,,,,,,,,
,,Insects - Cone and Seed Insects,Insects - Cone and Seed Insects - Contarinia spp.,Insects - Cone and Seed Insects - Contarinia oregonensis (Douglas fir cone gall midge),,,,ICTO,,,,,,,,,CTO,,,,,,,,,,,,,
,,Insects - Cone and Seed Insects,Insects - Cone and Seed Insects - Contarinia spp.,Insects - Cone and Seed Insects - Contarinia washintonensis (Douglas fir cone scale midge),,,,ICTW,,,,,,,,,CTW,,,,,,,,,,,,,
,,Insects - Cone and Seed Insects,Insects - Cone and Seed Insects - Eucosma spp.,Insects - Cone and Seed Insects - Eucosma ponderosa (Pw cone borer),,,,ICVP,,,,,,,,,CVP,,,,,,,,,,,,,
,,Insects - Cone and Seed Insects,Insects - Cone and Seed Insects - Eucosma spp.,Insects - Cone and Seed Insects - Eucosma recissoriana (Pl cone borer),,,,ICVR,,,,,,,,,CVR,,,,,,,,,,,,,
could change Y code for Mayetiola to make 3 level classification unique,,Insects - Cone and Seed Insects,Insects - Cone and Seed Insects - Mayetiola spp.,Insects - Cone and Seed Insects - Mayetiola carpophaga (Sx seed midge),,,,ICYC,,,,,,,,,CYC,,,,,,,,,,,,,
,,Insects - Cone and Seed Insects,Insects - Cone and Seed Insects - Cydia spp.,Insects - Cone and Seed Insects - Cydia piperana (Py seedworm),,,,ICYP,,,,,,,,,CYP,,,,,,,,,,,,,
,,Insects - Cone and Seed Insects,Insects - Cone and Seed Insects - Cydia spp.,Insects - Cone and Seed Insects - Cydia strobilella (Sx seedworm),,,,ICYS,,,,,,,,,CYS,,,,,,,,,,,,,
,,Insects - Cone and Seed Insects,Insects - Cone and Seed Insects - Mayetiola spp.,Insects - Cone and Seed Insects - Mayetiola thujae (Cedar cone midge),,,Mayetiola thujae ,ICYT,,,,,,,,,CYT,,,,,,,,,,,,,
,,Insects - Cone and Seed Insects,Insects - Cone and Seed Insects - Cydia spp.,,,,,ICY,,,,,,,,,CYX,,,,,,,,,,,,,
,,Insects - White grubs,,,,,,IG,,,,,,,25,,,,,,,,,,,,,,,
,,Insects - Springtails,,,,,,IP,,,,,,,41,,,,,,,,,,,,,,,
,DI: Disease and/or insect damage,Disease and/or insect damage,,,,Disease and/or insect damage (general),,DI,,,,,,26,,DI,,,,9,42,88,,,,,,,,
,M: Mite damage,,,,,Mite damage (general),e.g. Trisetacus spp.,M,,,,27,,,10,M,M,,,,,,,,,,,,,
,,Mites - two-spotted mite,,,,,Tetranychus urticae,M2,,,,,,,44,,,,,,,,,,,,,,,
,,Mites - Maple gall mites,,,,,Vasates quadripedes,MM,,,,,,,45,,,,,,,,,,,,,,,
,N: Non-biological caused injuries / defects,,,,Ontario: weather,Non-biological (general),,N,42,,,,,,122,N,N,22,,,,,,,,10,,,"M,N",
,,Non-biological - bark damage,Non-biological - bark damage - detached or raised bark,,,"e.g. wind, snow, ice storm, lightning, senescence, sunscald",,NKD,,,,,,,,,,,,,,,,,"NC32X, NC32E, NC11E, NC11X",,,,,
,,Non-biological - bark damage,Non-biological - bark damage - cracked bark,,,"e.g. caused by sunscald, ice storm",,NKC,,,,,,,,,,,,,,,,,"NC04X, NC05X, NC05A, NC05E",,,,,
ask BC if ‘slide’ (NS) is always different from avalanche / snow slide,,Non-biological - Avalanche or Snow slide,,,,,,NA,,,,,,,,,NAV,,,,,,,,,,,,,
,,Non-biological - Fire,,,,,,NB,,,7,1,,,,NB,NB,15,,,8,,,,,13,fire scar at 2m,,Y,
,,Non-biological - Fire,Non-biological - Fire - Post Burn Mortality,,,,,NBP,,,,,,,,,NBP,,,,,,,,,,,,,
,,Non-biological - Fire,Non-biological - Fire - Aspen (At) Decline ,,,,,NBA,,,,,,,,,NCA,,,,,,,,,,,,,
,,Non-biological - Fire,Non-biological - Fire - Birch (E ) Decline,,,,,NBB,,,,,,,,,NCB,,,,,,,,,,,,,
,,Non-biological - Fire,Non-biological - Fire - Douglas-fir Decline,,,,,NBF,,,,,,,,,NCF,,,,,,,,,,,,,
,,Non-biological - Fire,Non-biological - Fire - Yellow cedar (Yc) Decline,,,,,NBY,,,,,,,,,NCY,,,,,,,,,,,,,
,,Non-biological - Drought,,,,,,ND,,,,2,,,87,ND,ND,,,,,,,,,11,,,,
,,Non-biological - Drought,Non-biological - Drought - superficial crack in bark,,,,,NDC,,,,,,,,,,,,,,,,,FE15X,,,,,
this is a natural process so we may want to remove these records from  the tree_condition table,,Non-biological - Cedar Flagging,,,,this is most often a natural process ,,NE,,,,,,,,,NE,,,,,,,,,,,,,
,,Non-biological - Flooding,,,,,,NF,,,,3,,,128,NF,NF,,,,,,,,,12,,,,
,,Non-biological - Frost,,,,,,NG,19,,,4,,,86,NG,NG,,,,4,,,,,,frost,,,
,,Non-biological - Frost,Non-biological - Frost - Frost Crack,,,,,NGC,,,,,,,,,NGC,,,,5,10,,,,29,"frost crack, frost crack- scar, frst crk",,,
,,Non-biological - Frost,Non-biological - Frost - Frost Crack,Non-biological - Frost - Frost Crack - scar lobes less than 10cm thick,,crack >1.5m long,,NGC1,,,,,,,,,,,,,,,,,"FE13X, FE13E",,,,,
,,Non-biological - Frost,Non-biological - Frost - Frost Crack,Non-biological - Frost - Frost Crack - scar lobes greater or equal to 10cm thick,,crack >1.5m long,,NGC2,,,,,,,,,,,,,,,,,"FE14X, FE14E",,,,,
,,Non-biological - Frost,Non-biological - Frost - Frost Crack,Non-biological - Frost - Frost Crack - striated scar lobes (greater than 5 furrows),,,,NGC3,,,,,,,,,,,,,,,,,FE13A,,,,,
,,Non-biological - Frost,Non-biological - Frost - Frost Heaved,,,,,NGH,,,,,,,,,NGH,,,,,40,,,,,,,,
,,Non-biological - Frost,Non-biological - Frost - Shoot/Bud Frost Kill,,,,,NGK,,,,,,,,,NGK,,,,,,,,,,,,,
,,Non-biological - Hail,,,,,,NH,,,,5,,,88,NH,NH,14,,,,51,,,,,,,,
,,Non-biological - Redheart,,,,,,NI,,,,,,,,,NI,,,,,,,,,,,,,
,,Non-biological - Fume kill,,,,,,NK,,,,6,,,,NK,NK,,,,,,,,,,,,,
,,Non-biological - Lightning,,,,,,NL,,,,7,,,115,NL,NL,,,,6,,,,,,lighting scar,,,
,,Non-biological - Road salt,,,,,,NN,,,,8,,,,NN,NN,,,,,,,,,,,,,
,,Non-biological - Redbelt,,,,,,NR,,,,9,,,,NR,NR,,,,,,,,,,,,,
,,Non-biological - Slide,,,,,,NS,,,,10,,,,NS,NS,,,,,,,,,,,,,
,,Non-biological - Windthrow / fallen,,,,Windthrow/blowdown/wind damage,,NW,"50,53",,"2,3",11,,,116,NW,NW,12,,1,23,11,,,"DB03X, DB31X",14,"wind, blowdown",,,
,,Non-biological - Windthrow / fallen,Non-biological - Windthrow / fallen - Soil Failure,,,,,NWS,,,,,,,,,NWS,,,,,,,,,,,,,
,,Non-biological - Windthrow / fallen,Non-biological - Windthrow / fallen - Treatment or Harvested related,,,,,NWT,,,,,,,,,NWT,,,,,,,,,,,,,
,,Non-biological - Scarring and rubbing,,,,,,NX,,,,13,,,,NX,NX,,,,,2,,,,,,,,
,,Non-biological - Snow or ice,,,,,,NY,27,,12,12,,,,NY,NY,13,,,3,,,,,15,"snow, severe lean/wgr/snow dam, severe lean/snow dam, snow damage",,,
,,Non-biological - Snow or ice,Non-biological - Snow or ice - ice,,,,,NYI,,,,,,,117,,,,,,,,,,,,,,,
,,Non-biological - Snow or ice,Non-biological - Snow or ice - snow loading,,,,,NYS,,,,,,,129,,,,,,,,,,,,,,,
,,Non-biological - broken branches,,,,,,NU,,,,,,,,,,,,,,,,,DB11A,,,,,
,,Non-biological - Sunscald,,,,,,NZ,,,,14,,,130,NZ,NZ,,,,,,,,,,,,,
,,Non-biological - Suppression,,,,,,NP,,,8,,,,,NP,,,,5,11,,,,,,,,S,
,,Non-biological - Pronounced flutes / Grooves / folds in base,,,,often caused by subhydric site or elevated causing superficial roots,,NV,,,,,,,,,,,,,,,,,FE01X,,,,,
,,Non-biological - crown damage,Non-biological - crown damage - defoliation,,,,,NOD,,,,,,,,,,,,,,,A,,,,,,,
,,Non-biological - waterlogged,Excessive water on the site,,,,,NT,,,11,,,,,,,,,,,,,,,,,,,
,T: Treatment / anthropogenic injuries,,,,,Treatment (Anthropogenic) damage,,T,,,,,,,,T,T,23,,,,,,,,,,,,
,,Treatment - Chemical ,,,,,,TC,,,,28,,,,TC,TC,,,,7,,,,,,,,,
,,Treatment - Logging,,,,,,TL,,,,29,,,,TL,TL,,,,,,,,,,,,,
,,Treatment - Logging (harvested),,,,,,TL,,,,30,,,,,TH,,,,,,,,,,"skidder damage, hypoxilan/skidder, skidder",,,
,,Treatment - Planting,,,,Planting (incorrectly planted / improper planting),,TP,,,,31,,,,TP,TP,17,,,10,,,,,,,,,
,,Treatment - Planting,Treatment - Planting - Multiple trees planted in same hole,,,,,TPH,,,,,,24,,,,,,,,,,,,,,,,
,,Treatment - Planting,Treatment - Planting - Poor microsite or ground conditions,,,,,TPM,,,,,,,,,TPM,18,,,,,,,,,,,,
for MB check comments to differentiate man-made from vegetation (eg fallen tree),,Treatment - Other mechanical damage (non-logging),,,,,,TM,,,,32,,,,TM,TM,,,,9,,,,,26,"mech dam, mechanical, mech. dam, mech damage, severe lean- mech dam, mec dam, mech/wgr, forked/mech dam, mech. damage, mechanical damage/lean, mechanical damage",,,
,,Treatment - Pruning,,,,,,TR,,,,33,,,,TR,TR,,,,27,,,,,,,,,
could separate QC 5 and 6 into size classes (if so EN31 would need to be separated),,Treatment - Pruning,Treatment - Pruning - uncovered knot,,,on conifer trees in Quebec: uncovered knots on first 5m may also be the result of competition,,TRU,,,,,,,,,,,,,,,,,"EN05E, EN05X, EN06E, EN06A, EN06X, EN31X",,,,,
could separate QC 7 and 9 into size classes,,Treatment - Pruning,Treatment - Pruning - covered knot,,,,,TRC,,,,,,,,,,,,,,,,,"EN07X, EN09E, EN09X",,,,,
,,Treatment - Pruning,Treatment - Pruning - knot and rotten heartwood,,,,,TRR,,,,,,,,,,,,,,,,,"EN33E, EN33X, EN33A",,,,,
,,Treatment - Pruning,Treatment - Pruning - Major crown thinning,,,,,TRT,,,,,,,,,,,,,,,,,DB11X,,,,,
,,Treatment - Whipping,,,,,,TW,,,,,,,,TW,,,,,12,,,,,28,"whipping damage, whipping, whipping dam",,,
,,Treatment - Thinning or spacing wound,,,,,,TT,,,,34,,,,TT,TT,,,,,,,,,,,,,
,,Treatment - Tree tapping,,,,,,TA,,,,,,,,,,,,,,,,,"FE05X, FE05A",,,,,
confirm meaning of ‘blessure de sondage’ with QC jurisdiction,,Treatment - Tree coring,,,,blessure de sondage,,TO,,,,,,,,,,,,,,,,,"VP08X, VP35X",,,,,
,,Treatment - shock (sudden exposture),Sudden exposure after an intervention or sudden change in stand structure, ,,,,TS,,,10,,,,,,,,,,,,,,,,,,,
,V: Vegetation,,,,,problematic vegetation or vegetation competition,,V,,,,,,,,V,V,19,,6,,,,,,,,,,
,,Vegetation - Herbaceous competition,,,,,,VH,,,,,,,,VH,VH,,,,,,,,,,,,,
,,Vegetation - Vegetation press,,,,,,VP,,,,,,,,VP,VP,,,,,,,,,,,,,
,,Vegetation - Buttress roots due to underlying stump / log that is decaying,,,,,,VB,,,,,,,,,,,,,,,,,PR05X,,,,,
,,Vegetation - Shrub competition,,,,,,VS,,,,,,,,VS,VS,,,,,,,,,,,,,
,,Vegetation - Tree competition,,,,,,VT,,,,,,,,VT,VT,,,,,,,,,,supression caused death,,,
,,Vegetation - Tree competition,Vegetation - Tree competition - Flat top caused by suppression,,,,,VTT,,,,,,7,,,,,,,,,,,,,,,,
,,Vegetation - Tree competition,Vegetation - Tree competition - Multiple joined tree stems where at least 1 died causing snag,,,,,VTD,,,,,,,,,,,,,,,,,"PR02E, PR02X",,,,,
WARNING: merged with “Unknown - same stump (forked below BH)” code = UT therefore need to rerun all scripts and repush data to MAGPlot database,,Vegetation - Tree competition,Vegetation - Tree competition - Multiple joined tree stems splitting below DBH,,,,,VTB,,,,,,,,,,,12,,,28,,,"FE16E, FE16X, FE16A, FE37X, FE37A",25,"same stump as 615, forked under dbh, same base, forked below bh- 2nd stem dead, shared stump 150",,,
,,Vegetation - Tree competition,Vegetation - Tree competition - fused stems at or above DBH,,,,,VTF,,,,,,27,,,,,,,,,,,,,,,,
,,Vegetation - Mechanical damage from vegetation,,,,mechanical damage from neighboring vegetation (e.g. natural action of trees contacting each other resulting in scarring or crown damage),,VM,,,,,,,,,,16,,,,,,,,,"crushed, other tree fell on it, tree fell on it, bent over from fallen tree, crushed under deadfalls, crushed by deadfalls, crushed by deadfall",,,
,U: Defect/damage evident but causal agent unknown,,,,,Damage evident but causal agent unknown,,U,15,,1,46,,,,U,U,99,,,"38, 39, 99",,,,,70,,,U,
for MB check comments to see if these records can be recategorized,U: Defect/damage evident but causal agent unknown,,,,,other damage or deformities,,U,,41,,,,0,0,,,,,8,,,,,,20,,,,
"BC describe UF as ‘unknown fork damage’, should this then be separate than a simple fork?",,Unknown - fork / multiple live stems,Multple top / leaders,,,,,UF,32,,,,,,,,UF,,9,,14,13,,,"APPEC, APPEM, APPER, APPES, DB41X, DB41E",21,"forked, wgr/forked, forked w angle, forked/wgr, forked/animal damage, wgr/scar/forked, fork, forked/scar, scarred- forked, forked- scar, forked/porcupine, forked top, forked- severe lean, forked/mech dam, scar- fork, forked- wgr, scar/fork, forked- sapsucker dam, old fork, forked@5m, forked @ 7, double stem, fork at 4m, forked 5m, forked at 4m, forked at 7.8m, forked at 3.5 m, 2nd fork/leader hts- 16.0 & 9., forked- tree stand hooks in tr, wgr/forked, forked/wgr, fork @ 2m","3,7",,
,,Unknown - fork / multiple live stems,Unknown - fork / multiple live stems - V fork,,,(Ontario - V fork (as opposed to U fork) ,,UFV,,27,,,,2,,,,,,,,,,,,,,,,
,,Unknown - fork / multiple live stems,Unknown - fork / multiple live stems - V fork,Unknown - fork / multiple live stems - V fork - V forked below DBH,,,,UFVB,,,,,,3,,,,,,,,,,,,,,,,
,,Unknown - fork / multiple live stems,Unknown - fork / multiple live stems - U fork,,,Ontario - U fork,,UFU,,,,,,14,,,,,,,,,,,,,,,,
,,Unknown - fork / multiple live stems,Unknown - fork / multiple live stems - U fork,Unknown - fork / multiple live stems - U fork - U forked below DBH,,,,UFUB,,,,,,15,,,,,,,,,,,,,,,,
,,Unknown - fork / multiple live stems,Unknown - fork / multiple live stems - Cathedral crown,,,arbre à têtes multiples issues d’une cime morte puis reconstruite (houppier en candélabre),,UFC,,,,,,11,,,,,,,,,,,HP12X,,,,,
,,Unknown - sweep / bend / crook / arch,,,,,,UC,"14,18,44",,,,,19,,,,,,,,,,,,23,,,,
,,Unknown - sweep / bend / crook / arch,Unknown - sweep / bend / crook / arch - pronounced crook,,,,,UCR,,,,,,,,,UCR,,7,,24,14,,,,,"crook, crooked, severe crook, crook wgr, shepards crook",,,
,,Unknown - sweep / bend / crook / arch,Unknown - sweep / bend / crook / arch - pronounced crook,Unknown - sweep / bend / crook - pronounced crook - hole or snag or base of elbow < 10cm,,for conifers (DB33X) snag or base of elbow can be = 10cm,,UCR1,,,,,,,,,,,,,,,,,"DB09X, DB33X",,,,,
,,Unknown - sweep / bend / crook / arch,Unknown - sweep / bend / crook / arch - pronounced crook,Unknown - sweep / bend / crook - pronounced crook - hole or snag or base of elbow > 10 cm,,for deciduous (DB09) hole or snag can be = 10cm,,UCR2,,,,,,,,,,,,,,,,,"DB09A, DB09AS, DB09E, DB09EC, DB09ES, DB33E, DB33A, DB34E, DB34A, DB34X",,,,,
,,Unknown - sweep / bend / crook / arch,Unknown - sweep / bend / crook / arch - sweep or bend,,,,,UCS,,,,,,,,,USW,,8,,25,15,,,"DB10X, DB43X",,"sweep, top bent over, bent over, severe sweep, lean/sweep, severe sweep- no crown measure, bent over from fallen tree, slight sweep, sweep slight","4,5",,
,,Unknown - sweep / bend / crook / arch,Unknown - sweep / bend / crook / arch - arched stem,,,,,UCA,,,,,,21,,,,,,,,,,,,,,,,
,,Unknown - sweep / bend / crook / arch,Unknown - sweep / bend / crook / arch - basal sweep,,,Ontario: often occurring in white cedar,,UCB,,,,,,25,,,,,,,,,,,,,,,,
,,Unknown - spiral grain,,,,,,UP,,,,,,,,,,,,,,16,,,"DB12X, DB37X",,twisted,,,
,,Unknown - limby / poor form / adventitious branching / epicormic branches,,,,group of adventitious branching can be physiological reaction to stress,,UI,"16,2",35,,,,13,,,,,11,,,22,,,,,"wolf tree, poor form, limby-d @1.50, branchy-diam taken @1.11",,,
,,Unknown - leaning,,,,,,UL,13,,,,,4,,,,,10,,22,23,,,"DB01X, DB30X, DB30E",24,"severe lean, lean, severe len, severe lean- mech dam, leaning, conks severe lean, slight lean, forked- severe lean, severe lean/wgr, severe lean/wgr/snow dam, serve lean, lean/sweep, lean > 20â°, severe lean- laying on ground, severe leans, est. hgt due to lean, severe lean- tree on top of it, severe lean- no crown measurem, severe lean- est height, mechanical damage/lean, non-severe lean, severe lean- est hgt, est height- severe lean, lean >20â°, starting to uproot. lean > 45, lean > 45â°",8,,
confirm with jurisdiction if this is similar to ‘small live crown compared to total height’,,Unknown - bushy top,,,,,,UY,,,,,,,,,,,,,,41,,,,,,,,
ask SK how this differs from pronounced crook (can it be a subset class?),,Unknown - lateral became leader / new leader,,,,,,UA,,,,,,,,,,,,,,42,,,,,"broken stem new leader, new leader",1,,
,,Unknown - lateral became leader / new leader,Unknown - lateral became leader / new leader - broken top with new leader,,,,,UAB,33,,,,,17,,,,,,,,,,,,,,,,
,,Unknown - lateral became leader / new leader,Unknown - lateral became leader / new leader - dead top with new leader,,,,,UAD,52,,,,,23,,,,,,,,,,,,,,,,
add as subset of wound - deep abrasion /scar?,,Unknown - girdle,,,,"Possible agents: birds or insects, herbivorous mamals feeding on plant bark ", ,UG,,,,,,6,, ,,,,,2,,,,,,,,,
,,Unknown - bark damage,Unknown - bark damage - cracked bark,,,"e.g. caused by sunscald, brown cubical butt rot, stringy rot",,UKC,,"1,21",,,,,,,,,,,,,,,NC33X,,,,,
,,Unknown - crack/fissure on stem,,,,,,US,,,,,,,,,,,,,18,,,,FE30X,,crack,6,,
,,Unknown - crack/fissure on stem,Unknown - crack/fissure on stem - longer than 30cm ,,,,,USL,,,,,,,,,,,,,,,,,FE31X,,,,,
,,Unknown - crack/fissure on stem,Unknown - crack/fissure on stem - longer than 30cm ,Unknown - crack/fissure on stem - longer than 30cm - with rot/decay,,progressive swelling on more than 2 faces of stem or sign of rot/decay,,USLR,,,,,,,,,,,,,,,,,FE31A,,,,,
,,Unknown - crack/fissure on stem,Unknown - crack/fissure on stem - discontinuous or variable length,,,,,USD,,,,,,,,,,,,,,,,,FE03X,,,,,
,,Unknown - crack/fissure on stem,Unknown - crack/fissure on stem - discontinuous or variable length,Unknown - crack/fissure on stem - discontinuous or variable length - with rot/decay,,,,USDR,,,,,,,,,,,,,,,,,FE35E,,,,,
,,Unknown - crack/fissure on stem,Unknown - crack/fissure on stem - shorter or equal to 1.5m,,,Possible agents: frost, ,USS,,,,,,,, ,,,,,,,,,FE02X,,,,,
,,Unknown - crack/fissure on stem,Unknown - crack/fissure on stem - shorter or equal to 1.5m,Unknown - crack/fissure on stem - shorter or equal to 1.5m - with rot/decay,,,,USSR,,,,,,,,,,,,,,,,,"FE02E, FE02A, FE34X",,,,,
,,Unknown - crack/fissure on stem,Unknown - crack/fissure on stem - in V fork,,,,,USV,,,,,,,,,,,,,,,,,"FE04X, FE36X, FE36E, FE36A",,,,,
,,Unknown - crack/fissure on stem,Unknown - crack/fissure on stem - in V fork,Unknown - crack/fissure on stem - in V fork - with rot/decay,,,,USVR,,,,,,,,,,,,,,,,,FE04A,,,,,
"QC FE (fente): stem crack over 2 m, MRNF 2002 norm section 5.6.7; moved from the USS row in d111f6c",,Unknown - crack/fissure on stem,Unknown - crack/fissure on stem - longer than 1.5m,,,"on conifers: progressive swelling on more than 2 faces of stem, at times dripping sap, or other signs of rot/decay",,USO,,,,,,,,,,,,,,,,FE,"FE06X, FE06E, FE33X",,,,,
,,Unknown - crack/fissure on stem,Unknown - crack/fissure on stem - longer than 1.5m,Unknown - crack/fissure on stem - longer than 1.5m - with rot/decay,,"rot , cavity or hole >=5cm",,USOR,,,,,,,,,,,,,,,,,"FE06A, FE35X",,,,,
,,Unknown - crack/fissure on stem,Unknown - crack/fissure on stem - longer than 1.5m,Unknown - crack/fissure on stem - longer than 1.5m - inclined,,,,USOI,,,,,,,,,,,,,,,,,"FE08X, FE08A",,,,,
,,Unknown - crack/fissure on stem,Unknown - crack/fissure on stem - longer than 1.5m,Unknown - crack/fissure on stem - longer than 1.5m - spiralling affecting more than 2 faces,,,,USOS,,,,,,,,,,,,,,,,,FE09X,,,,,
,,Unknown - crack/fissure on stem,Unknown - crack/fissure on stem - longer than 1.5m,"Unknown - crack/fissure on stem - longer than 1.5m - multiple, 3 or mor in number",,affecting first 3m of stem,,USO3,,,,,,,,,,,,,,,,,FE10X,,,,,
,,Unknown - crack/fissure on stem,Unknown - crack/fissure on stem - longer than 1.5m,"Unknown - crack/fissure on stem - longer than 1.5m - multiple, 2 on 2 different faces of stem",,affecting first 3m of stem,,USO2,,,,,,,,,,,,,,,,,FE11X,,,,,
,,Unknown - crack/fissure on stem,Unknown - crack/fissure on stem - longer than 1.5m,"Unknown - crack/fissure on stem - longer than 1.5m - multiple, 2 on same face of stem",,affecting first 3m of stem,,USO1,,,,,,,,,,,,,,,,,FE12X,,,,,
question for NB: why is ‘broken stem’ (19) not considered a type of damage affecting height (i.e. HeightDamage = 0)?,,Unknown - broken/damaged main stem,,,,"Possible agents: storms, fires, improper pruning, anthropogenic agents", ,UB,,,,,,10,, ,,,4,4,"13, 19",,,FC,,,,,,
,,Unknown - broken/damaged main stem,Unknown - broken/damaged main stem - stem injury to the ground,,,Ontario: stem infury (to the ground),,UBG,,,,,,9,,,,,,,,,,,,,,,,
,,Unknown - broken/damaged main stem,Unknown - broken/damaged main stem - Broken/dead top,,,,,UBT,12,,,,,,,,UBT,,,3,17,,,,,,,,,
,,Unknown - broken/damaged main stem,Unknown - broken/damaged main stem - Broken/dead top,Unknown - broken/damaged main stem - Broken/dead top - broken top,,,,UBTB,8,,,,,1,,,,,,,16,,,,,27,"scar at .5 m/broken leader @6m, broken stem, broken top",,,
should dieback/dead top be separated from broken top AND/OR related/linked to subcategory “defoliation - dieback /senescence” ? (e.g. MB has 1 code for ‘dead top or dieback’ (71) and 1 code for ‘broken stem/top’ (27)),,Unknown - broken/damaged main stem,Unknown - broken/damaged main stem - Broken/dead top,Unknown - broken/damaged main stem - Broken/dead top - dead top,,,,UBTD,,,,,,22,,,,,,,15,,,,,71,"old dead top, old  dead top, dead top, dead top- dead top, dieback, deadleader, dead top- dying- 1 live branch",,,
,,Unknown - broken/damaged main stem,Unknown - broken/damaged main stem - Broken/dead main stem below crown,,,in Quebec: codes EN32A and EN32X can be indicative of White Pine weevil (therefore hard coded when tree is a pine or spruce),,UBC,,,,,,,,,,,,,,,,,"DB02A, DB02X, DB02XC, DB02XM, DB02XS, DB32X, EN32E, EN32X, EN32A",,snapped,,,
,,Unknown - broken/damaged main stem,Unknown - broken/damaged main stem - Primary branch torn off,,,,,UBB,,,,,,,,,,,,,,,,,"DB20X, DB21E, DB21X",,1 fork snapped,,,
,,Unknown - broken/damaged main stem,Unknown - broken/damaged main stem - Primary branch torn off,Unknown - broken/damaged main stem - Primary branch torn off - with visible rot,,,,UBBR,,,,,,,,,,,,,,,,,"DB20E, DB20A, DB21A",,,,,
,,Unknown - bulges/burl/gall,,,,Possible agents: invasions (fungi or insects) or stressors (Freeze damage or environmental injury),"DB38X, DB38A in Quebec can be indicative of Western gall rust (Endocronartium harknessii)",UU,9,"29,40",,,,,, ,,,,,26,12,,RE,"DB08X, DB38X, DB38A",22,"burl, burls, stem gall, gall, stem gall/wrg dbh",,,
,,Unknown - bulges/burl/gall,Unknown - bulges/burl/gall - Galls,,,,,UUG,,"2,5,7,9,11,12,15",,,,,158,,,,,,,,,,,,,,,
could subcategorize DB19X,,Unknown - swollen,,,,,,UN,,,,,,,,,,,,,,,,,DB19X,,"large swelling at dbh, swelling at .8m",,,
,,Unknown - swollen,Unknown - swollen - fusiform swelling on 2 surfaces or more with deep grooves in bark,,,,,USF,,,,,,,,,,,,,,,,,"DB18X, DB18A",,,,,
,,Unknown - swollen,Unknown - swollen - barrel swelling on ~4 surfaces of trunk,,,,,USB,,,,,,,,,,,,,,,,,"DB15X, DB17X, DB40E, DB40X",,,,,
,,Unknown - wound/scar,,,,"Possible agents: animal damage, insect attack, fire", ,UW,31,"4,13,14,43",,,,,, ,,,,2,28,,,,PR01E,,"scar, scars, scar/wgr, wgr/scar/forked, forked/scar, scar/insects, scarred- forked, scarred, forked- scar, scar/stem disease, scar at4m, wgr/scar, scar- fork, frost crack- scar, scar/fork, scar at .5 m/broken leader @6m, scar at 4.5m, scaring on trunk, old dbh incorrect- scaring on, wrong height-wound, wound",,,
,,Unknown - wound/scar,Unknown - wound/scar - superficial bark abrasion,,,,,UWK,,,,,,,,,,,,,,,,,DB04X,,,,,
,,Unknown - wound/scar,Unknown - wound/scar - deep abrasion / scar (exposed sapwood),,,,,UWD,,,,,,,,,,,,,,,,,"DB35X, DB35E, DB35A",,"open wound, open wound-wrong height, open wound-wrong dbh",,,
,,Unknown - wound/scar,Unknown - wound/scar - deep abrasion / scar (exposed sapwood),Unknown - wound/scar - deep abrasion / scar (exposed sapwood) - 1 surface or less,,,,UWD1,,,,,,,,,,,,,,,,,"DB05X, DB05A",,,,,
,,Unknown - wound/scar,Unknown - wound/scar - deep abrasion / scar (exposed sapwood),Unknown - wound/scar - deep abrasion / scar (exposed sapwood) - more than 1 surface,,deep rot is >=5cm in depth,,UWD2,,,,,,,,,,,,,,,,,"DB07X, DB07A",,,,,
PR01 and PR04 could be differentiated by number of faces affected (though PR31 for conifers would have to be treated separately),,Unknown - wound/scar,Unknown - wound/scar - solid wood or superficial decay/rot,,, Quebec: ‘symptomes de caries superficielle’,,UWS,,,,,,,,,,,,,,,,,"PR01X, PR04E, PR04X, PR31E, PR31X, PR31A",,,,,
PR01 and PR03 could be differentiated by number of faces affected (except PR03A; though PR30 for conifers would have to be treated separately),,Unknown - wound/scar,Unknown - wound/scar - deep rot,,,,,UWR,,,,,,,,,,,,,,,,,"PR01A, PR03E, PR03X, PR03A, PR30E, PR30X",,hollow/rot,,,
,,Unknown - wound/scar,Unknown - wound/scar - hollow/hole,,,Ontario: hollow (may require a subset),,UWH,,"8,31",,,,5,,,,,,,,,,,,,,,,
,,Unknown - wound/scar,Unknown - wound/scar - hollow/hole,Unknown - wound/scar - hole - greater than 10cm diameter,,hole or snag inserted at an acute angle ,,UWH1,,,,,,,,,,,,,,,,TR,"EN02X, EN02E, EN03E, EN03X, EN04X, EN04A",,,,,
,,Unknown - wound/scar,Unknown - wound/scar - hollow/hole,Unknown - wound/scar - hole - less than 10cm diameter,,hole or snag inserted at an acute angle ,,UWH2,,,,,,,,,,,,,,,,,EN01X,,,,,
,,Unknown - root damage,,,,"Possible agents: animal, insect, disease, or anthropogenic activity", ,UR,,,,,,20,,  ,,,6,,21,,,,,,,,,
,,Unknown - root damage,Unknown - root damage - root exposure / compaction,,,,,URE,,,,,,16,,,,,,,,,,,,,,,,
,,Unknown - root damage,Unknown - root damage - Major damage or rot on primary roots,,,generally caused by rutting (anthropogenic); Quebec: Ornière (since this is anthropogenic then could move category to ‘treatment’),,URR,,,,,,,,,,,,,,,,,"PR07A, PR07E, PR07X, PR32E, PR32X, PR32A",,,,,
,,Unknown - root damage,Unknown - root damage - Minor damage on primary roots,,,generally caused by rutting (anthropogenic); Quebec: Ornière (since this is anthropogenic then could move category to ‘treatment’),,URP,,,,,,,,,,,,,,,,,"PR08X, PR33X",,,,,
,,Unknown - root damage,Unknown - root damage - Damage on secondary roots,,,generally caused by rutting (anthropogenic); Quebec: Ornière (since this is anthropogenic then could move category to ‘treatment’),,URS,,,,,,,,,,,,,,,,,"PR09X, PR34X",,,,,
"QC BM (branches mortes et chicots): dead branches or stubs over 10 cm, MRNF 2002 norm section 5.6.7; moved from the UOM1 row in d111f6c",,Unknown - crown damage,,,,,,UO,,,,,,8,,,,,5,,,,,BM,,,,,,
,,Unknown - crown damage,,,,,,UO,,,,,,12,,,,,,,,,,,,,,,,
,,Unknown - crown damage,Unknown - crown damage - dead or broken main stem(s),,,,,UOM,,,,,,,,,,,,,,,,,,,laying  on ground crown dead,,,
should these be better categorized under ‘Unknown - broken/damaged main stem’ section?,,Unknown - crown damage,Unknown - crown damage - dead or broken main stem(s),"Unknown - crown damage - dead or broken main stem(s) - multiple stems, at least 1 dead or broken at base",,,,UOM1,,,,,,,,,,,,,,,,,DB42X,,scond stem dead,,,
should these be better categorized under ‘Unknown - broken/damaged main stem’ section?,,Unknown - crown damage,Unknown - crown damage - dead or broken main stem(s),"Unknown - crown damage - dead or broken main stem(s) - dead or broken primary branch causing snag, deep scar or cavity",,,,UOM2,,,,,,,,,,,,,,,,,"HP11E, HP11A, HP11X",,,,,
,,Unknown - crown damage,Unknown - crown damage - dead or dying secondary branches,,,,,UOS,,,,,,,,,,,,,,,,,,,a couple of dead branches,,,
,,Unknown - crown damage,Unknown - crown damage - dead or dying secondary branches,Unknown - crown damage - dead or dying secondary branches - damage 11 to 25 %,,,,UOS1,,,,,,,,,,,,,,,,,"HP01A, HP01E, HP01X",,,,,
,,Unknown - crown damage,Unknown - crown damage - dead or dying secondary branches,Unknown - crown damage - dead or dying secondary branches - damage 26 to 50 %,Unknown - crown damage - dead or dying secondary branches - damage 26 to 50 % - decline,,,UOS2D,,,,,,,,,,,,,,,,,"HP02A, HP02E, HP02X, HP02S",,,,,
,,Unknown - crown damage,Unknown - crown damage - dead or dying secondary branches,Unknown - crown damage - dead or dying secondary branches - damage 26 to 50 %,Unknown - crown damage - dead or dying secondary branches - damage 26 to 50 % - mechanical damage,,,UOS2M,,,,,,,,,,,,,,,,,"HP03E, HP03X",,,,,
,,Unknown - crown damage,Unknown - crown damage - dead or dying secondary branches,Unknown - crown damage - dead or dying secondary branches - damage greater than 50 %,Unknown - crown damage - dead or dying secondary branches - damage greater than 50 % - decline,,,UOS3D,,,,,,,,,,,,,,,,,"HP04X, HP06A",,,,,
,,Unknown - crown damage,Unknown - crown damage - dead or dying secondary branches,Unknown - crown damage - dead or dying secondary branches - damage greater than 50 %,Unknown - crown damage - dead or dying secondary branches - damage greater than 50 % - mechanical damage,,,UOS3M,,,,,,,,,,,,,,,,,"HP05X, HP06E",,,,,
,,Unknown - crown damage,Unknown - crown damage - dead or dying secondary branches,Unknown - crown damage - dead or dying secondary branches - damage greater than 75 %,,,,UOS4,,,,,,,,,,,,,,,,,HP07X,,,,,
,,Unknown - crown damage,Unknown - crown damage - small live crown compared to total height ( Hv/Ht <= 25%),,,,,UOL,,,,,,,,,,,,,,,,,"HP34E, HP34X, HP34A",,,,,
,,Unknown - crown damage,Unknown - crown damage - defoliation,,,,,UOD,,,,,,,,,,,,,,,C,,,,,,,
,,Unknown - crown damage,Unknown - crown damage - defoliation,Unknown - crown damage - defoliation - dieback / senescence,,,,UODD,,,,,,18,159,,,,,,,,D,,,,,,,
,,Unknown - crown damage,Unknown - crown damage - chlorosis,,,"Possible agents: poor drainage, damaged roots, compacted roots, high alkalinity, and nutrient deficiencies ", ,UOC,,,,,,,, ,,,,,62,,,,,,,,,
,,Unknown - overmature,Trees which have surpassed their life expectancy and are susceptible to attack from disease and insects, ,,,,UV,,,9,,,,,,,,,,,,,,,,,,,
,,Unknown - Adventitious twig,,,,,,UT,,23,,,,,,,,,,,,,,,,,,,,
,,Unknown - spiral seam ,spiral seam with and without rot (including straight seam),,,,,UM,43,"16,18,20,39",,,,,,,,,,,,,,,,,,,,
,,Unknown - flutes,,,,,,UE,,25,,,,,,,,,,,,,,,,,,,,
,No detectable abiotic or biotic damage,No detectable / important damage,,,,,,O,,,,47,,,,O,O,,,,,99,,,"AR01X, AR30X, XX99X",,,0,,
,Not reported,Not reported damage,,,,,,S,,,,,,,,S,S,,,,,,,,,,,,,
