Common_name_fr,Common_name_en,Latin_name,Veg_type,AB_code,ABMI_scientific_name,BC_code,MB_code,NB_cli,NB_code,NL_code,NL_Abbrev,NS_code,NFI,NFM_code,NT_speccode,ON_speccode,ON_specabbrev,PEI_code,QC_code,SK_code,YT_code,NF_code,NFI_genus,NFI_species,NFI_variety,comments
Sapin gracieux,Amabilis fir,Abies amabilis,TC,,,BA,,,,,,,ABIE.AMA,2,,,,,,,,,ABIE,AMA,,
Sapin baumier,Balsam Fir,Abies balsamea,TC,Fb,Abies balsamea,BB,BF,23,ABBA,21,bF,BF,ABIE.BAL,3,,20,Bf,BF,SAB,BF,,,ABIE,BAL,,
,Rocky Mountain alpine fir,Abies bifolia,TC,,,,,,,,,,ABIE.BIF,4,3,,,,,,,,ABIE,BIF,,
Sapin argenté,White fir,Abies concolor,TC,,,,,,,,,,ABIE.CON,54,,,,,,,,,ABIE,CON,,
Sapin grandissime,Grand fir,Abies grandis,TC,,,BG,,,,,,,ABIE.GRA,5,,,,,,,,,ABIE,GRA,,
Sapin subalpin,Subalpine fir,Abies lasiocarpa,TC,Fa,,BL,,,,,,,ABIE.LAS,6,,,,,,,6,,ABIE,LAS,,
Sapin rouge,Red fir,Abies magnifica,TC,,,,,,,,,,ABIE.MAG,55,,,,,,,,,ABIE,MAG,,
Sapin rouge,Shasta red fir,Abies magnifica var. shastensis,TC,,,BM,,,,,,,ABIE.MAG.SHA,56,,,,,,,,,ABIE,MAG,SHA,
Sapin de Nordmann,Nordmann fir,Abies nordmanniana,TC,,,,,,,,,,ABIE.NOR,57,,,,,,,,,ABIE,NOR,,
Sapin d'Espagne,Spanish fir,Abies pinsapo,TC,,,,,,,,,,ABIE.PIN,58,,,,,,,,,ABIE,PIN,,
Sapin noble,Noble fir,Abies procera,TC,,,BN,,,,,,,ABIE.PRO,59,,,,,,,,,ABIE,PRO,,
,Unidentified fir,Abies spp.,TC,,,B,,,,,,,ABIE.SPP,7,,,,,,,,,ABIE,SPP,,
érable circiné,vine maple,Acer circinatum,TH,,,MV,,,,,,,ACER.CIR,81,,,,,,,,,ACER,CIR,,
érable ginnala,Amur maple,Acer ginnala,TH,,,,,,,,,,ACER.GIN,292,,,,,,,,,ACER,GIN,,
érable nain,Douglas maple,Acer glabrum var. douglasii,TH,,,,,,,,,,ACER.GLA.DOU,82,,,,,,,,,ACER,GLA,DOU,
érable à grandes feuilles,bigleaf maple,Acer macrophyllum,TH,,,MB,,,,,,,ACER.MAC,83,,36,M,,,,,,ACER,MAC,,
érable négondo (à Giguère),Manitoba Maple,Acer negundo,TH,,Acer negundo,ME,MM,,,,,ME,ACER.NEG,84,,117,Mm,,ERG,MM,,BE,ACER,NEG,,
érable noir,Black Maple (Acer saccharum ssp. nigrum; Acer nigrum),Acer nigrum,TH,,,,,,,,,,ACER.NIG,85,,94,Mb,,ERN,,,,ACER,NIG,,
érable palmé,Japanese maple,Acer palmatum,TH,,,,,,,,,,ACER.PAL,293,,,,,,,,,ACER,PAL,,
érable de Pennsylvanie,Striped Maple,Acer pensylvanicum,TH,,,,,33,ACPE,,,ST,ACER.PEN,86,,1001,Mp,STM,ERP,,,AP,ACER,PEN,,
érable de Norvège,Norway Maple,Acer platanoides,TH,,,,,,,,,,ACER.PLA,294,,34,Mn,,ERB,,,,ACER,PLA,,
érable sycomore,Sycamore maple,Acer pseudoplatanus,TH,,,MS,,,,,,,ACER.PSE,295,,,,,,,,,ACER,PSE,,
érable rouge,Red Maple,Acer rubrum,TH,,,MR,,1,ACRU,82,rM,,ACER.RUB,87,,32,Mr,RM,ERR,,,,ACER,RUB,,
érable argenté,Silver Maple,Acer saccharinum,TH,,,,,18,ACSA2,,,,ACER.SAC,88,,33,Ms,,ERA,,,,ACER,SAC,,
érable argenté,Silver Maple,Acer saccharinum,TH,,,,,,,,,,ACER.SAC,88,,35,Ms,,,,,,ACER,SAC,,
érable à sucre,Sugar Maple,Acer saccharum,TH,,,,,2,ACSA3,,,,ACER.SAH,89,,30,Mh,,ERS,SM,,,ACER,SAH,,
érable à sucre,Sugar maple,Acer saccharum var. saccharum,TH,,,,,,,,,,ACER.SAH.SAC,326,,,,,,,,,ACER,SAH,SAC,
érable à épis,Mountain maple,Acer spicatum,TH,,,,,32,ACSP2,,,MM,ACER.SPI,90,,,,MM,ERE,,,,ACER,SPI,,
érable Autumn Blaze,Freeman's Maple,Acer x freemanii,TH,,,,,,,,,,ACER.FRE,325,,177,Mf,,,,,,ACER,FRE,,
,Unidentified maple species,Acer species,TH,,,M,,,,,,,ACER.SPP,91,,,,,,,,,ACER,SPP,,
Marronnier glabre,Ohio buckeye,Aesculus glabra,TH,,,,,,,,,,AESC.GLA,92,,,,,,,,,AESC,GLA,,
Marronier d'Inde,Horsechestnut,Aesculus hippocastanum,TH,,,,,,,,,,AESC.HIP,296,,69,Hc,,AEH,,,,AESC,HIP,,
Marronier rouge,Red horsechestnut,Aesculus x carnea,TH,,,,,,,,,,AESC.CAR,297,,,,,,,,,AESC,CAR,,
Aulne crispé,Green alder,Alnus crispa,TH,,,,,,,,,,ALNU.CRI,93,,,,,,,,,ALNU,CRI,,
Aulne crispé,Green alder,Alnus crispa var. mollis (Alnus viridis subsp. crispa),TH,,,,,,,,,,ALNU.VIR,,,,,,,,,,ALNU,VIR,,Folded code: ALNU.VIR folds Alnus crispa var. mollis into Alnus viridis.
Aulne glutineux,European black alder,Alnus glutinosa,TH,,,,,,,,,,ALNU.GLU,299,,,,,,,,,ALNU,GLU,,
,Gray alder,Alnus incana,TH,,,,,,,,,,ALNU.INC,94,,,,,,,,AI / AUR **two codes listed in species code file,ALNU,INC,,
Aulne rugueux,Speckled alder,Alnus incana ssp. rugosa,TH,,,,,,,,,AL,ALNU.INC.RUG,95 / 98,,,,AL,AUR,,,,ALNU,INC,RUG,
Aulne à feuilles minces,Mountain alder,Alnus incana ssp. tenuifolia,TH,,,DM,,,,,,,ALNU.INC.TEN,96,,,,,,,15,,ALNU,INC,TEN,
Aulne rouge,Red alder,Alnus rubra,TH,,,DR,,,,,,,ALNU.RUB,97,,,,,,,,,ALNU,RUB,,
Aulne tendre,Hazel alder,Alnus serrulata,TH,,,,,,,,,,ALNU.SER,99,,,,,AUT,,,,ALNU,SER,,
Aulne de Sitka,Sitka alder,Alnus sinuata,TH,,,,,,,,,,ALNU.SIN,100,,,,,,,,,ALNU,SIN,,
,Unidentified alder,Alnus spp.,TH,,,,,,,,,,ALNU.SPP,101,,,,,,,,,ALNU,SPP,,
Aulne crispé,Green alder,Alnus viridis,TH,,,,,,,,,GA,ALNU.VIR,102,,,,,,,,,ALNU,VIR,,Folded code: ALNU.VIR folds Alnus crispa var. mollis into Alnus viridis.
Aulne crispé,Green alder,Alnus viridis ssp. crispa,TH,,,,,,,,,,ALNU.VIR.CRI,103,,,,,AUC,,,,ALNU,VIR,CRI,
Aulne de Sibérie,Siberian alder,Alnus viridis ssp. fruticosa,TH,,,,,,,,,,ALNU.VIR.FRU,104,,,,,,,,,ALNU,VIR,FRU,
Aulne de Sitka,Sitka alder,Alnus viridis ssp. sinuata,TH,,,DG,,,,,,,ALNU.VIR.SIN,105,,,,,,,,,ALNU,VIR,SIN,
Amélanchier à feuilles d'aulne,Saskatoon-berry,Amelanchier alnifolia,TH,,,,,,,,,,AMEL.ALN,106,,,,,,,,,AMEL,ALN,,
Amélanchier aborescent,Downy serviceberry,Amelanchier arborea,TH,,,,,,,,,,AMEL.ARB,107,,,,,,,,,AMEL,ARB,,
Amélanchier de Bartram,Mountain serviceberry,Amelanchier bartramiana,TH,,,,,,,,,,AMEL.BAR,108,,,,,,,,,AMEL,BAR,,
Amélanchier de l'Ouest,Pacific serviceberry,Amelanchier florida,TH,,,,,,,,,,AMEL.FLO,109,,,,,,,,,AMEL,FLO,,
Amélanchier glabre,Smooth juneberry,Amelanchier laevis,TH,,,,,,,,,,AMEL.LAE,110,,,,,,,,,AMEL,LAE,,
Amélanchier sanguin,Roundleaf juneberry,Amelanchier sanguinea,TH,,,,,,,,,,AMEL.SAN,111,,,,,,,,,AMEL,SAN,,
Amélanchier de Gaspésie,Gaspé serviceberry,Amelanchier gaspensis ?,TH,,,,,,,,,,AMEL.GAS,327,,,,,,,,,AMEL,GAS,,
Amelanchier sp. Nombreuses espèces possibles,Unidentified serviceberry,Amelanchier,TH,,,,,36,AMELA,,,SB,AMEL.SPP,112,,1005,,SB,AME,,,AME,AMEL,SPP,,
Angélique du Japon,Japanese angelica-tree,Aralia elata,TH,,,,,,,,,,ARAL.ELA,300,,,,,,,,,ARAL,ELA,,
Araucaria du Chili,monkey puzzle,Araucaria araucana,TC,,,,,,,,,,ARAU.ARA,60,,,,,,,,,ARAU,ARA,,
Arbousier d'Amérique,arbutus,Arbutus menziesii,TH,,,RA,,,,,,,ARBU.MEN,113,,,,,,,,,ARBU,MEN,,
Aronia noir,black chokeberry,Aronia melanocarpa,TH,,,,,,,,,,ARON.MEL,114,,,,,ARM,,,,ARON,MEL,,
,unidentified chokeberry,Aronia spp.,TH,,,,,,,,,,ARON.SPP,115,,,,,ARO,,,,ARON,SPP,,
,,Asimina spp.,TH,,,,,,,,,,ASIM.SPP,116,,,,,,,,,ASIM,SPP,,
Asiminier non identifié,unidentified asimina,Asimina spp.,TH,,,,,,,,,,ASIM.SPP,328,,,,,,,,,ASIM,SPP,,
Asiminier trilobé,Pawpaw,Asimina triloba,TH,,,,,,,,,,ASIM.TRI,117,,119,Pa,,,,,,ASIM,TRI,,
Bouleau d'Alaska,Alaska paper birch,Betula alaskana **Betula neoalaskana?,TH,,,,,,,,,,BETU.ALA,118,,,,,,,,,BETU,ALA,,
Bouleau jaune,Yellow birch,Betula alleghaniensis,TH,,,,,,,72,yB,,BETU.ALL,119,,37,By,,BOJ,,,YB / BOJ **two codes listed in species codes file,BETU,ALL,,
Bouleau à feuilles cordées,Mountain paper birch,Betula cordifolia,TH,,,,,,,,,,BETU.COR,120,,,,,,,,,BETU,COR,,
Bouleau,Swamp birch (bog birch),Betula glandulifera,TH,,,,,,,,,,BETU.GLA,121,,,,,,,,,BETU,GLA,,Folded code: BETU.GLA covers Betula glandulifera and Betula glandulosa.
Bouleau glanduleux,Bog birch (resin birch),Betula glandulosa,TH,,,,,,,,,,BETU.GLA,122,,,,,BEG,,,BEG,BETU,GLA,,Folded code: BETU.GLA covers Betula glandulifera and Betula glandulosa.
Bouleau Kenai,Kenai birch,Betula kenaica,TH,,,,,,,,,,BETU.KEN,123,,,,,,,,,BETU,KEN,,
Bouleau flexible,Cherry birch,Betula lenta,TH,,,,,,,,,,BETU.LEN,124,,112,Bc,,,,,,BETU,LEN,,
Bouleau,Dwarf birch,Betula nana,TH,,,,,,,,,,BETU.NAN,125,,,,,,,,,BETU,NAN,,
Bouleau d'Alaska,Alaska paper birch,Betula neoalaskana,TH,,Betula neoalaskana,EA,,,,,,,BETU.NEO,126,,,,,,,12,,BETU,NEO,,
Bouleau fontinal,Water birch,Betula occidentalis,TH,,Betula occidentalis,EW,,,,,,,BETU.OCC,127,,,,,,,,,BETU,OCC,,
Bouleau à papier (blanc),White birch,Betula papyrifera,TH,Bw,Betula papyrifera,EP,WB,8,BEPA,71,wB,WB,BETU.PAP,128,2,38,Bw,WB,BOP,WB,,WB / BOP,BETU,PAP,,
,Alaska paper birch,Betula papyrifera var. neoalaskana,TH,,Betula neoalaskana,,,,,,,,BETU.PAP.NEO,129,,,,,,,,,BETU,PAP,NEO,
Bouleau à papier (blanc),White birch,Betula papyrifera var. papyrifera,TH,,Betula papyrifera,,,,,,,,BETU.PAP.PAP,130,,,,,,,,,BETU,PAP,PAP,
bouleau verruqueux,European Weeping Birch,Betula pendula,TH,,,EE,,42,BEPE3,,,,BETU.PEN,301,,120,Bp,EB,,,,,BETU,PEN,,
bouleau gris,Gray Birch,Betula populifolia,TH,,,,,13,BEPO,,,GB,BETU.POP,131,,168,Bg,GB,BOG,,,GB / BOG,BETU,POP,,
,Downy Birch,Betula pubescens,TH,,,ES,,,,,,,BETU.PUB,302,,121,,,,,,,BETU,PUB,,
bouleau nain,Dwarf (bog) birch,Betula pumila,TH,,,,,,,,,,BETU.PUM,132,,,,,BEP,,,,BETU,PUM,,
,Unidentified birch,Betula spp.,TH,,,E,,,,,,,BETU.SPP,133,,,,,BEM,,,,BETU,SPP,,
bouleau bleu,Blueleaf birch,Betula x caerulea,TH,,,,,,,,,,BETU.CAE,134,,,,,,,,,BETU,CAE,,
,Alaska x paper birch hybrid,Betula x winteri,TH,,,EXP,,,,,,,BETU.WIN,135,,,,,,,,,BETU,WIN,,
,Incense cedar,Calocedrus decurrens,TC,,,OA,,,,,,,CALO.DEC,61,,,,,,,,,CALO,DEC,,
Caragana arborescent,Siberian pea-tree,Caragana arborescens,TH,,,,,,,,,,CARA.ARB,303,,,,,,,,,CARA,ARB,,
Charme de Caroline,Blue-beech,Carpinus caroliniana,TH,,,,,,,,,,CARP.CAR,136,,,,,CAR,,,,CARP,CAR,,
Charme de la Caroline de Virginie,American hornbeam,Carpinus caroliniana spp. virginiana,TH,,,,,,,,,,CARP.CAR.VIR,329,,111,Bb,,,,,,CARP,CAR,VIR,
,Unidentified hornbeam,Carpinus spp.,TH,,,,,,,,,,CARP.SPP,137,,,,,,,,,CARP,SPP,,
Caryer cordiforme,Bitternut hickory,Carya cordiformis,TH,,,,,,,,,,CARY.COR,138,,123,Hb,,CAC,,,,CARY,COR,,
,Sweet Pignut Hickory,Carya glabra,TH,,,,,,,,,,CARY.GLA,,,89,Hp,,,,,,CARY,GLA,,
Caryer glabre,red hickory,Carya glabra var. odorata,TH,,,,,,,,,,CARY.GLA.ODO,139,,,,,,,,,CARY,GLA,ODO,
Caryer lacinié,Big Shellbark Hickory,Carya laciniosa,TH,,,,,,,,,,CARY.LAC,140,,93,Hl,,,,,,CARY,LAC,,
Caryer ovale,Shagbark Hickory,Carya ovata,TH,,,OI,,,,,,,CARY.OVA,141,,124,Hs,,CAF,,,,CARY,OVA,,
Caryer ovale,shagbark hickory,Carya ovata var. ovata,TH,,,,,,,,,,CARY.OVA.OVA,330,,,,,,,,,CARY,OVA,OVA,
,unidentified hickory,Carya spp.,TH,,,,,,,,,,CARY.SPP,142,,53,Hi,,,,,,CARY,SPP,,
,Mockernut hickory,Carya tomentosa,TH,,,,,,,,,,CARY.TOM,143,,92,,,,,,,CARY,TOM,,
châtaignier d'Amérique,American Chestnut,Castanea dentata,TH,,,,,,,,,,CAST.DEN,144,,171,Cd,,,,,,CAST,DEN,,
,Sweet Chestnut,Castanea sativa,TH,,,,,,,,,,CAST.SAT,,,172,,,,,,,CAST,SAT,,
châtaignier de Chine,Chinese chestnut,Castanea mollissima,TH,,,,,,,,,,CAST.MOL,304,,,,,,,,,CAST,MOL,,
,unidentified chestnut,Castanea spp.,TH,,,,,,,,,,CAST.SPP,145,,,,,,,,,CAST,SPP,,
catalpa commun,southern catalpa,Catalpa bignonioides,TH,,,,,,,,,,CATA.BIG,305,,,,,,,,,CATA,BIG,,
catalpa à feuilles cordées,Northern Catalpa,Catalpa speciosa,TH,,,,,,,,,,CATA.SPE,306,,77,Cat,,,,,,CATA,SPE,,
cèdre de l'Atlas,Atlas cedar,Cedrus atlantica,TC,,,,,,,,,,CEDR.ATL,62,,,,,,,,,CEDR,ATL,,
cèdre de l'Himalaya,Deodar cedar,Cedrus deodara,TC,,,,,,,,,,CEDR.DEO,63,,,,,,,,,CEDR,DEO,,
cèdre de Liban,Cedar-of-Lebanon,Cedrus libani,TC,,,,,,,,,,CEDR.LIB,64,,,,,,,,,CEDR,LIB,,
micocoulier occidental,Common Hackberry,Celtis occidentalis,TH,,,,HB,,,,,,CELT.OCC,146,,68,Hk,,CEO,,,,CELT,OCC,,
,unidentified hackberry,Celtis spp.,TH,,,,,,un,,,,CELT.SPP,147,,,,,,,,,CELT,SPP,,
micocoulier rabougri,dwarf hackberry,Celtis tenuifolia,TH,,,,,,,,,,CELT.TEN,148,,,,,,,,,CELT,TEN,,
céphalante occidental,button-bush,Cephalanthus occidentalis,TH,,,,,,,,,,CEPH.OCC,149,,,,,,,,,CEPH,OCC,,
cercidiphyllum du Japon,Katsura-tree,Cercidiphyllum japonicum,TH,,,,,,,,,,CERC.JAP,307,,,,,,,,,CERC,JAP,,
gainier rouge,Redbud,Cercis canadensis,TH,,,,,,,,,,CERC.CAN,150,,125,Red,,,,,,CERC,CAN,,
chamaecyparis de Lawson,Port-Orford-cedar,Chamaecyparis lawsoniana,TC,,,YP,,,,,,,CHAM.LAW,65,,,,,,,,,CHAM,LAW,,
chamaecyparis jaune,yellow-cedar,Chamaecyparis nootkatensis,TC,,,YC,,,,,,,CHAM.NOO,8,,,,,,,,,CHAM,NOO,,
chamaecyparis du Japon,Hinoki-cypress,Chamaecyparis obtusa,TC,,,,,,,,,,CHAM.OBT,66,,,,,,,,,CHAM,OBT,,
chamaecyparis de Sawara,Sawara-cypress,Chamaecyparis pisifera,TC,,,,,,,,,,CHAM.PIS,67,,,,,,,,,CHAM,PIS,,
,unidentified cypress,Chamaecyparis spp.,TC,,,Y,,,,,,,CHAM.SPP,9,,,,,,,,,CHAM,SPP,,
virgilier à bois jaune,Yellow-wood,Cladrastis lutea,TH,,,,,,,,,,CLAD.LUT,308,,,,,,,,,CLAD,LUT,,
Clématite de Virginie,virgin's bower,Clematis virginiana,TH,,,,,,,,,,CLEM.VIR,151,,,,,CLV,,,,CLEM,VIR,,
cornouiller à feuilles alternes,alternate-leaf dogwood,Cornus alternifolia,TH,,,,,65,,,,DA,CORN.ALT,152,,,,,COA,,,,CORN,ALT,,
cornouiller fleuri,eastern flowering dogwood,Cornus florida,TH,,,,,,,,,,CORN.FLO,153,,,,,,,,,CORN,FLO,,
,red panicled dogwood,Cornus foemina ssp. racemosa,TH,,,,,,,,,,CORN.FOE.RAC,154,,,,,,,,,CORN,FOE,RAC,
cornouiller de Kousa,Kousa dogwood,Cornus kousa,TH,,,,,,,,,,CORN.KOU,309,,,,,,,,,CORN,KOU,,
cornouiller mâle,Cornelian cherry,Cornus mas,TH,,,,,,,,,,CORN.MAS,310,,,,,,,,,CORN,MAS,,
cornouiller de nuttall,Pacific dogwood,Cornus nuttallii,TH,,,GP,,,,,,,CORN.NUT,155,,,,,,,,,CORN,NUT,,
Cornouiller rugueux,round leaf dogwood,Cornus rugosa,TH,,,,,,,,,DR,CORN.RUG,156,,,,,,,,,CORN,RUG,,
,red-osier dogwood,Cornus sericea,TH,,,,,,,,,DW,CORN.SER,338,,,,,COR,,,,CORN,SER,,
,unidentified dogwood,Cornus spp.,TH,,,G,,,,,,,CORN.SPP,157,,,,CO / DW,,,,,CORN,SPP,,
cornouiller stolonifère,redosier dogwood,Cornus stolonifera,TH,,,,,,,,,,CORN.STO,158,,,,,,,,,CORN,STO,,
noisetier d'Amérique,American hazel,Corylus americana,TH,,,,,,,,,,CORY.AME,159,,,,,,,,,CORY,AME,,
noisetier à long bec,beaked hazel,Corylus cornuta,TH,,,,,,,,,,CORY.COR,160,,,,BH,COC,,,BH / COC,CORY,COR,,
aubépine dorée,Fireberry hawthorn,Crataegus chrysocarpa,TH,,,,,,,,,,CRAT.CHR,331,,1032,,,,,,,CRAT,CHR,,
aubépine ponctuée,dotted hawthorn,Crataegus punctata,TH,,,,,,,,,,CRAT.PUN,332,,1156,,,,,,,CRAT,PUN,,
aubépine,Hawthorn species,Crataegus,TH,,,,,37,CRATA,,,HT,CRAT.SPP,161,,128,Ht,,CRA,,,,CRAT,SPP,,
,Cockspur Hawthorn,Crataegus crusgalli,TH,,,,,,,,,,CRAT.CRU,,,1151,,,,,,,CRAT,CRU,,
,Douglas's Hawthorn,Crataegus douglasii,TH,,,,,,,,,,CRAT.DOU,,,1152,,,,,,,CRAT,DOU,,
,Bosc's Thorn,Crataegus flabellata,TH,,,,,,,,,,CRAT.FLA,,,1153,,,,,,,CRAT,FLA,,
,Variable Thorn,Crataegus macrosperma,TH,,,,,,,,,,CRAT.MAC,,,1154,,,,,,,CRAT,MAC,,
,English Hawthorn,Crataegus monogyna,TH,,,,,,,,,,CRAT.MON,,,1155,,,,,,,CRAT,MON,,
,Fleshy Hawthorn,Crataegus succulenta,TH,,,,,,,,,,CRAT.SUC,,,1033,,,,,,,CRAT,SUC,,
Dièreville chèvrefeuille,bush honeysuckle,Diervilla lonicera,TH,,,,,,,,,,DIER.LON,162,,,,,DIE,,,,DIER,LON,,
dirca des marais,eastern leatherwood,Dirca palustris,TH,,,,,,,,,,DIRC.PAL,163,,,,,DIR,,,,DIRC,PAL,,
,unidentified leatherwood,Dirca spp.,TH,,,,,,,,,,DIRC.SPP,164,,,,,,,,,DIRC,SPP,,
chalef argenté,silverberry,Elaeagnus commutata,TH,,,,,,,,,,ELAE.COM,165,,,,,ELC,,,,ELAE,COM,,
fusain pourpre,burning-bush euonymus,Euonymus atropurpureus,TH,,,,,,,,,,EUON.ATR,166,,,,,,,,,EUON,ATR,,
hêtre à grandes feuilles,American beech,Fagus grandifolia,TH,,,,,4,FAGR,,,BE,FAGU.GRA,167,,44,Be,BE,HEG,,,AB / HEG,FAGU,GRA,,
,unidentified beech,Fagus spp.,TH,,,,,,,,,,FAGU.SPP,168,,,,,,,,,FAGU,SPP,,
hêtre commun,European beech,Fagus sylvatica,TH,,,,,,,,,,FAGU.SYL,311,,,,,,,,,FAGU,SYL,,
nerprun bourdaine,glossy buckthorn,Frangula alnus,TH,,,,,,,,,,FRAN.ALN,333,,173,,,RHF,,,,FRAN,ALN,,
frêne d'Amérique (blanc),white ash,Fraxinus americana,TH,,,OH,,7,FRAM2,,,WA,FRAX.AME,169,,46,Aw,WA,FRA,,,WA / FRA,FRAX,AME,,
frêne de l'Orégon,Oregon ash,Fraxinus latifolia,TH,,,OG,,,,,,,FRAX.LAT,312,,,,,,,,,FRAX,LAT,,
frêne noir,Black Ash,Fraxinus nigra,TH,,,,AS,15,FRNI,,,BA,FRAX.NIG,170,,45,Ab,BA,FRN,,,,FRAX,NIG,,
frêne de Pennsylvanie (rouge),red ash,Fraxinus pennsylvanica,TH,,,,GA,19,FRPE,,,,FRAX.PEN,171,,,,,FRP,GA,,,FRAX,PEN,,
frêne d'Austin,northern red ash,Fraxinus pennsylvanica var. austini,TH,,,,,,,,,,FRAX.PEN.AUS,172,,,,,,,,,FRAX,PEN,AUS,
frêne vert,Green Ash,Fraxinus pennsylvanica var. subintegerrima,TH,,,,,,,,,,FRAX.PEN.SUB,173,,47,Ag,,,,,,FRAX,PEN,SUB,
frêne anguleux,blue ash,Fraxinus quadrangulata,TH,,,,,,,,,,FRAX.QUA,174,,,,,,,,,FRAX,QUA,,
,unidentified ash,Fraxinus spp.,TH,,,,,,,,,,FRAX.SPP,175,,48,A,,,,,,FRAX,SPP,,
,Pumpkin Ash,Fraxinus profunda,TH,,,,,,,,,,FRAX.PRO,,,901,Ap,,,,,,FRAX,PRO,,
,Blue Ash,Fraxinus quadrangulata,TH,,,,,,,,,,FRAX.QUA,,,132,Aq,,,,,,FRAX,QUA,,
ginkgo bilobé,Ginkgo,Ginkgo biloba,TC,,,,,,,,,,GINK.BIL,313,,,,,,,,,GINK,BIL,,
févier épineux,Honey Locust,Gleditsia triacanthos,TH,,,,,43,,,,,GLED.TRI,176,,96,Gt,,,,,,GLED,TRI,,
chicot févier,Kentucky Coffee-tree,Gymnocladus dioicus,TH,,,,,,,,,,GYMN.DIO,177,,133,Kk,,,,,,GYMN,DIO,,
hamamélis de Virginie,American Witch-hazel,Hamamelis virginiana,TH,,,,,,,,,WH,HAMA.VIR,178,,82,Haz,,HAV,,,,HAMA,VIR,,
faux houx,mountain holly,Ilex mucronata,TH,,,,,50,,,,,ILEX.MUC,334,,,,,NEM,,,,ILEX,MUC,,
,unidentified holly,Ilex spp.,TH,,,,,,,,,HF,ILEX.SPP,179,,,,,,,,,ILEX,SPP,,
houx verticillé,common winterberry,Ilex verticillata,TH,,,,,,,,,CH,ILEX.VER,180,,,,IL,ILV,,,,ILEX,VER,,
,Japanese walnut,Juglans ailantifolia,TH,,,OK,,,,,,,JUGL.AIL,,,,,,,,,,JUGL,AIL,,
noyer cendé,Butternut,Juglans cinerea,TH,,,,,12,,,,,JUGL.CIN,181,,55,Bn,BN,NOC,,,,JUGL,CIN,,
noyer noir,Black walnut,Juglans nigra,TH,,,,,,,,,,JUGL.NIG,182,,54,Wb,,NON,,,,JUGL,NIG,,
,unidentified walnut,Juglans spp.,TH,,,,,,,,,,JUGL.SPP,183,,,,,,,,,JUGL,SPP,,
genévrier commun,common juniper,Juniperus communis,TC,,,,,,,,,,JUNI.COM,10,,,,,JUC,,,,JUNI,COM,,
genévrier des Rocheuses,Rocky mountain juniper,Juniperus scopulorum,TC,,,JR,,,,,,,JUNI.SCO,11,,,,,,,,,JUNI,SCO,,
Genévrier horizontal,Creeping juniper,Juniperus horizontalis,TC,,,,,,,,,JU,JUNI.HOR,,,,,,JUH,,,,JUNI,HOR,,
,unidentified juniper,Juniperus spp.,TC,,,,,,,,,,JUNI.SPP,12,,,,,,,,,JUNI,SPP,,
genévrier de Virginie,Eastern Red Cedar,Juniperus virginiana,TC,,,,,,,,,,JUNI.VIR,13,,23,Cr,,JUV,,,,JUNI,VIR,,
mélèze d'Europe,European Larch,Larix decidua,TC,,,,,,,eL,,,LARI.DEC,68,,26,Le,EL,MEU,,,,LARI,DEC,,
mélèze du Japon,Japanese Larch (Larix kaempferi; Larix leptolepis),Larix kaempferi,TC,,,,,45,,jL,,JL,LARI.KAE,69,,27,Lj,JL,MEJ,,,,LARI,KAE,,
mélèze laricin,Tamarack/Larch; American Larch,Larix laricina,TC,,,LT,,29,LALA,31,tL,,LARI.LAR,14,4,25,La,,MEL,TL,,,LARI,LAR,,
mélèze subalpin,subalpine larch,Larix lyallii,TC,,,LA,,,,,,,LARI.LYA,15,,,,,,,,,LARI,LYA,,
mélèze de l'Ouest,Western larch,Larix occidentalis,TC,Lw,,LW,,,,,,WL,LARI.OCC,16,,,,,,,,,LARI,OCC,,
mélèze de Sibérie,Siberian larch,Larix sibirica,TC,,,,,,,,,,LARI.SIB,70,,,,,MEB,SL,,,LARI,SIB,,
,unidentified larch,Larix spp.,TC,,,L,,,,,,,LARI.SPP,17,,,,,MEH,,,,LARI,SPP,,
Lédon du Groenland,bog Labrador tea,Ledum groenlandicum,TH,,,,,,,,,,LEDU.GRO,184,,,,,LEG,,,,LEDU,GRO,,
,northern spicebush,Lindera benzoin,TH,,,,,,,,,,LIND.BEN,185,,,,,,,,,LIND,BEN,,
,unidentified liriodendron,Liriodendron spp.,TH,,,,,,,,,,LIRI.SPP,186,,,,,,,,,LIRI,SPP,,
tulipier de Virginie,tulip-tree,Liriodendron tulipifera,TH,,,,,,,,,,LIRI.TUL,187,,,,,,,,,LIRI,TUL,,
Chèvrefeuille du Canada,American fly honeysuckle,Lonicera canadensis,TH,,,,,,,,,,LONI.CAN,188,,,,,LON,,,,LONI,CAN,,
,Sweet gum,Liquidambar styraciflua,TH,,,,,,,,,,LIQU.STY,,,134,,,,,,,LIQU,STY,,
,Tulip Tree,Liriodendron tulipifera,TH,,,,,,,,,,LIRI.TUL,,,60,Tp,,,,,,LIRI,TUL,,
magnolia amuminé,Cucumber Tree,Magnolia acuminata,TH,,,,,,,,,,MAGN.ACU,189,,136,Ct,,,,,,MAGN,ACU,,
Pommier odorant,wild crab apple,Malus coronaria,TH,,,,,,,,,,MALU.COR,190,,,,,,,,,MALU,COR,,
pommier du Pacifique,Pacific crab apple,Malus fusca,TH,,,UP,,,,,,,MALU.FUS,191,,,,,,,,,MALU,FUS,,
pommier,unidentified apple,Malus spp.,TH,,,U,,35,MALUS,,,,MALU.SPP,192,,1180,,MA,MAS,,,,MALU,SPP,,
,Common Apple,Malus pumila,TH,,,UA,,,,,,AP,MALU.PUM,,,902,,,,,,,MALU,PUM,,
mûrier rouge,Red Mulberry,Morus rubra,TH,,,,,,,,,,MORU.RUB,193,,175,Mo,,,,,,MORU,RUB,,
Myrique du Pacifique,Pacific bayberry,Myrica californica,TH,,,,,,,,,,MYRI.CAL,194,,,,,,,,,MYRI,CAL,,
némopanthe mucroné,mountain-holly,Nemopanthus mucronatus,TH,,,,,,,,,,NEMO.MUC,195,,,,,,,,,NEMO,MUC,,
,unidentified nemopanthus,Nemopanthus spp.,TH,,,,,,,,,,NEMO.SPP,196,,,,,,,,,NEMO,SPP,,
,tupelo,Nyssa spp.,TH,,,,,,,,,,NYSS.SPP,197,,,,,,,,,NYSS,SPP,,
nyssa sylvestre,Black Gum,Nyssa sylvatica,TH,,,,,,,,,,NYSS.SYL,198,,137,Gb,,,,,,NYSS,SYL,,
,unidentified hop-hornbeam,Ostrya spp.,TH,,,,,,,,,,OSTR.SPP,199,,,,,,,,,OSTR,SPP,,
ostryer de Virginie,Ironwood (hop-hornbeam),Ostrya virginiana,TH,,,,HH,,,,,IW,OSTR.VIR,200,,56,Iw,IW,OSV,,,IW / OSV,OSTR,VIR,,
,thicket creeper,Parthenocissus inserta,TH,,,,,,,,,,PART.INS,201,,,,,,,,,PART,INS,,
épinette de Norvège,Norway spruce,Picea abies,TC,,,SN,,30,PIAB,16,nS,,PICE.ABI,71,,15,Sn,NS,EPO,,,,PICE,ABI,,
épinette d'Engelmann,Engelmann spruce,Picea engelmannii,TC,Se,Picea engelmannii,SE,,,,eS,,,PICE.ENG,18,,,,,,,,,PICE,ENG,,
,Englemann x white,Picea engelmannii x glauca,TC,Sx,Picea engelmannii x glauca,SXW,,,,,,,PICE.ENG.GLA,19,,,,,,,,,PICE,ENG,GLA,
épinette blanche,White spruce,Picea glauca,TC,Sw,Picea glauca,SW,WS,21,PIGL,13,wS,,PICE.GLA,20,5,12,Sw,,EPB,WS,1,WS / EPB,PICE,GLA,,
épinette noire,Black Spruce,Picea mariana,TC,Sb,Picea mariana,SB,BS,20,PIMA,11,bS,,PICE.MAR,21,6,13,Sb,BS,EPN,BS,5,BS / EPN,PICE,MAR,,
épinette du Colorado,Colorado spruce,Picea pungens,TC,,,,,,,,,,PICE.PUN,72,,,,,,,,,PICE,PUN,,
épinette rouge,Red Spruce,Picea rubens,TC,,,,,22,PIRU,,,,PICE.RUB,22,,14,Sr,RS,EPR,,,RS / EPR,PICE,RUB,,
épinette de Sitka,Sitka spruce,Picea sitchensis,TC,,,SS,,,,sS,,SS,PICE.SIT,23,,,,SI,,,,,PICE,SIT,,
,Sitka x unidentified,Picea sitchensis x unknown,TC,,,SXS,,,,,,,PICE.SIT.X,24,,,,,,,,,PICE,SIT,X,
,unidentified spruce,Picea spp.,TC,,Picea,S,,,,,,,PICE.SPP,25,12,18,S,,,,,,PICE,SPP,,
,Sitka x white,Picea x lutzii,TC,,,SXL,,,,,,,PICE.LUT,26,,,,,,,,,PICE,LUT,,
pin à blanche écorce,whitebark pine,Pinus albicaulis,TC,Pw / Pa,,PA,,,,,,,PINU.ALB,27,,,,,,,,,PINU,ALB,,
pin gris,Jack pine,Pinus banksiana,TC,Pj,Pinus banksiana,PJ,JP,25,PIBA2,3,jP,,PINU.BAN,28,7,3,Pj,JP,PIG,JP,,JP / PIG,PINU,BAN,,
,lodgepole pine,Pinus contorta,TC,Pl,Pinus contorta,PL,,46,,lP,,,PINU.CON,29,8,,,LP,,LP,2,,PINU,CON,,
pin tordu,shore pine,Pinus contorta var. contorta,TC,,,PLC,,,,,,,PINU.CON.CON,30,,,,,,,,,PINU,CON,CON,
pin tordu latifolié,lodgepole pine,Pinus contorta var. latifolia,TC,,,PLI,,,,,,,PINU.CON.LAT,31,,,,,,,,,PINU,CON,LAT,
,Pine hybrid,Pinus contorta x banksiana,TC,Px,,,,,,,,,PINU.CON.BAN,,,,,,,,,,PINU,CON,BAN,
pin flexible,limber pine,Pinus flexilis,TC,Pf,,PF,,,,,,,PINU.FLE,32,,,,,,,,,PINU,FLE,,
,sugar pine,Pinus lambertiana,TC,,,PS,,,,,,,PINU.LAM,73,,,,,,,,,PINU,LAM,,
pin argenté,Western white pine,Pinus monticola,TC,,,PW,,,,,,,PINU.MON,33,,,,,,,,,PINU,MON,,
pin noir d'Autriche,Austrian pine,Pinus nigra,TC,,,,,41,,,,,PINU.NIG,74,,6,Pn,AP / CP,,,,,PINU,NIG,,
pin ponderosa,Ponderosa pine,Pinus ponderosa,TC,,,PY,,,,,,,PINU.PON,34,,,,,,,,,PINU,PON,,
pin de Monterey,Monterey pine,Pinus radiata,TC,,,PM,,,,,,,PINU.RAD,75,,,,,,,,,PINU,RAD,,
pin rouge,Red pine,Pinus resinosa,TC,,,PR,RP,26,PIRE,rP,,,PINU.RES,35,,2,Pr,RP,PIR,RP,,,PINU,RES,,
pin rigide,Pitch Pine,Pinus rigida,TC,,,,,,,,,,PINU.RIG,36,,5,Pp,,PID,,,,PINU,RIG,,
,unidentified pine,Pinus spp.,TC,,Pinus,P,,,,9,,,PINU.SPP,37,12,11,P,PP / YP,,,,,PINU,SPP,,
pin blanc,eastern white pine,Pinus strobus,TC,,,,WP,24,PIST,wP,,,PINU.STR,38,,1,Pw,WP,PIB,,,WP / PIB,PINU,STR,,
pin sylvestre,Scots pine,Pinus sylvestris,TC,,,,SP,47,PISY,sP,,,PINU.SYL,76,,4,Ps,SCP,PIS,SP,,,PINU,SYL,,
pin tordu x gris,lodgepole x jack pine,Pinus x murraybanksiana,TC,,Pinus X murraybanksiana,PXJ,,,,,,,PINU.MUR,39,,,,,,,,,PINU,MUR,,
platane occidental,Sycamore,Platanus occidentalis,TH,,,,,,,,,,PLAT.OCC,202,,57,Sy,,PLO,,,,PLAT,OCC,,
,unidentified sycamore,Platanus spp.,TH,,,,,,,,,,PLAT.SPP,203,,,,,,,,,PLAT,SPP,,
peuplier blanc,White Poplar,Populus alba,TH,,,,,,,,,,POPU.ALB,314,,76,Pe,,PEL,,,,POPU,ALB,,
peuplier à feuilles étroites,narrowleaf cottonwood,Populus angustifolia,TH,,,,,,,,,,POPU.ANG,204,,,,,,,,,POPU,ANG,,
peuplier baumier,Balsam Poplar,Populus balsamifera,TH,Pb,Populus balsamifera,AC,BP,16,POBA2,bP,,BP,POPU.BAL,205,9,73,Pb,,PEB,BP,4,,POPU,BAL,,
peuplier baumier,balsam poplar,Populus balsamifera ssp. balsamifera,TH,,,ACB,,,,,,,POPU.BAL.BAL,206,,,,,,,,,POPU,BAL,BAL,
peuplier deltoïde,Eastern Cottonwood,Populus deltoides,TH,,,,CO,,,,,,POPU.DEL,207,,71,Pd,,PED,,,,POPU,DEL,,
peuplier deltoïde,eastern cottonwood,Populus deltoides ssp. deltoides,TH,,,,,,,,,,POPU.DEL.DEL,208,,,,,,,,,POPU,DEL,DEL,
,Plains cottonwood,Populus deltoides var. occidentalis Rydb.,TH,,,,,,,,,,POPU.DEL.OCC,,,,,,,PC,,,POPU,DEL,OCC,
peuplier deltoïde de l'Ouest,plains cottonwood,Populus deltoides ssp. monilifera,TH,,Populus deltoides ssp. monilifera,AD,,,,,,,POPU.DEL.MON,209,,,,,,,,,POPU,DEL,MON,
peuplier à grandes dents,Large-tooth Aspen,Populus grandidentata,TH,,,,LA,,,,,LA,POPU.GRA,210,,70,Pl,LTA,PEG,,,LA / PEG,POPU,GRA,,
peuplier noir,black poplar,Populus nigra,TH,,,,,,,,,,POPU.NIG,315,,,,,,,,,POPU,NIG,,
Peuplier noir d’Italie (ou de Lombardie)*,,Populus nigra var. italica,TH,,,,,,,,,,POPU.NIG.ITA,,,,,,PEE,,,,POPU,NIG,ITA,
peuplier hybride,hybrid poplars,Populus X,TH,,,AX,,,,,,,POPU.SPP,211,,97,Ph,HPO / HP,PEH,,,,POPU,SPP,,Folded code: POPU.SPP folds the unnamed Populus hybrid (Populus X) into the genus.
,unidentified poplar,Populus,TH,,Populus,A,,,,69,,,POPU.SPP,212,1,75,Po,PO / AS,,,,,POPU,SPP,,Folded code: POPU.SPP folds the unnamed Populus hybrid (Populus X) into the genus.
peuplier faux-tremble,Trembling Aspen,Populus tremuloides,TH,Aw,Populus tremuloides,AT,TA,,,61,tA,TA,POPU.TRE,213,10,74,Pt,,PET,TA,3,TA / PET,POPU,TRE,,
peuplier de l'Ouest,black cottonwood,Populus trichocarpa,TH,,,ACT,,,,,,,POPU.TRI,214,,,,,,,,,POPU,TRI,,
peuplier hybride de Jack,Jack's hybrid poplar,Populus x jackii,TH,,,,,,,,,,POPU.JAC,215,,,,,,,,,POPU,JAC,,
,Carolina Poplar,Populus x canadensis,TH,,,,,,,,,,POPU.CAN,,,72,Pc,,,,,,POPU,CAN,,
cerisier sauvage,Sweet Cherry,Prunus avium,TH,,,VS,,,,,,,PRUN.AVI,316,,90,Cm,,,,,,PRUN,AVI,,
cerisier amer,bitter cherry,Prunus emarginata,TH,,,VB,,,,,,,PRUN.EMA,216,,,,,,,,,PRUN,EMA,,
prunier noir,Canada plum,Prunus nigra,TH,,,,,,,,,,PRUN.NIG,217,,,,,PRN,,,,PRUN,NIG,,
cerisier de Pennsylvanie,Pin Cherry,Prunus pensylvanica,TH,,,VP,,,,,,PC,PRUN.PEN,218,,139,Cp,,PRP,,,PC / PRP,PRUN,PEN,,
cerisier tardif,Black cherry,Prunus serotina,TH,,,,,,,,,BC,PRUN.SER,219,,58,Cb,,CET,,,,PRUN,SER,,
,unidentified cherry,Prunus spp.,TH,,,V,,,,,,,PRUN.SPP,220,,1062,Ch,,,,,,PRUN,SPP,,
cerisier de Virginie,choke cherry,Prunus virginiana,TH,,,VV,,,,,,CC,PRUN.VIR,221,,,,,PRV,,,PRU / PRV,PRUN,VIR,,
cerisier de Virginie,choke cherry,Prunus virginiana var. virginiana,TH,,,,,,,,,,PRUN.VIR.VIR,222,,,,,,,,,PRUN,VIR,VIR,
Douglas vert,Douglas-fir,Pseudotsuga menziesii,TC,Fd,Pseudotsuga menziesii,FD,,,,,,DF,PSEU.MEN,41,,,,DF,,,,,PSEU,MEN,,
Douglas bleu,Interior Douglas-fir,Pseudotsuga menziesii var. glauca,TC,,,FDI,,,,,,,PSEU.MEN.GLA,42,,,,,,,,,PSEU,MEN,GLA,
Douglas vert,Coastal Douglas-fir,Pseudotsuga menziesii var. menziesii,TC,,,FDC,,,,,,,PSEU.MEN.MEN,40,,,,,,,,,PSEU,MEN,MEN,
ptéléa trifolié,common hoptree,Ptelea trifoliata,TH,,,,,,,,,,PTEL.TRI,223,,141,,,,,,,PTEL,TRI,,
,common pear,Pyrus communis,TH,,,OF,,,,,,,PYRU.COM,317,,,,,,,,,PYRU,COM,,
,Sour Red Cherry,Prunus cerasus,TH,,,,,,,,,,PRUN.CER,,,174,Cs,,,,,,PRUN,CER,,
chêne blanc,White Oak,Quercus alba,TH,,,QW,,,,,,,QUER.ALB,224,,40,Ow,,CHB,,,,QUER,ALB,,
chêne bicolore,Swamp White Oak,Quercus bicolor,TH,,,,,,,,,,QUER.BIC,225,,88,Osw,,CHE,,,,QUER,BIC,,
chêne ellipsoïdal,northern pin oak,Quercus ellipsoidalis,TH,,,,,,,,,,QUER.ELL,226,,,,,,,,,QUER,ELL,,
chêne de Garry,Garry oak,Quercus garryana,TH,,,QG,,,,,,,QUER.GAR,227,,,,,,,,,QUER,GAR,,
chêne à gros fruits,Bur Oak,Quercus macrocarpa,TH,,,,BO,,,,,,QUER.MAC,228,,42,Ob,,CHG,BO,,,QUER,MAC,,
chêne jaune,Chinquapin oak,Quercus muehlenbergii,TH,,,,,,,,,,QUER.MUE,229,,91,Och,,,,,,QUER,MUE,,
chêne de marais,Pin Oak,Quercus palustris,TH,,,,,,,,,,QUER.PAL,230,,87,Op,,,,,,QUER,PAL,,
chêne nain,Dwarf Chinquapin Oak,Quercus prinoides,TH,,,,,,,,,,QUER.PRI,231,,1194,,,,,,,QUER,PRI,,
chêne pédonculé,English oak,Quercus robur,TH,,,QE,,,,,,EO,QUER.ROB,318,,,,,CHD,,,,QUER,ROB,,
chêne rouge,Northern Red Oak,Quercus rubra,TH,,,,,,,,,RO,QUER.RUB,232,,41,Or,RO,CHR,,,,QUER,RUB,,
chêne de Shumard,Shumard's Oak,Quercus shumardii,TH,,,,,,,,,,QUER.SHU,233,,39,Os,,,,,,QUER,SHU,,
,unidentified oak,Quercus spp.,TH,,,Q,,6,,,,,QUER.SPP,234,,43,O,,,,,,QUER,SPP,,
,,Quercus,TH,,,,,,,,,,QUER.SPP,,,1193,OX,,,,,,QUER,SPP,,
chêne noir,Black Oak,Quercus velutina,TH,,,,,,,,,,QUER.VEL,235,,86,Obl,,,,,,QUER,VEL,,
Nerprun à feuilles d'aulne,alderleaf buckthorn,Rhamnus alnifolia,TH,,,,,,,,,,RHAM.ALN,236,,,,,RHA,,,,RHAM,ALN,,
Nerprun carthatique,European / common buckthorn,Rhamnus cathartica,TH,,,,,,,,,,RHAM.CAT,237,,1196,,,,,,,RHAM,CAT,,
nerprun bourdaine,Glossy Buckthorn,Rhamnus frangula,TH,,,,,,,,,,RHAM.FRA,335,,,,,,,,,RHAM,FRA,,
nerprun cascara,cascara buckthorn,Rhamnus purshiana,TH,,,KC,,,,,,,RHAM.PUR,238,,,,,,,,,RHAM,PUR,,
,unidentified buckthorn,Rhamnus species,TH,,,K,,,,,,BT,RHAM.SPP,239,,1195,,,RHS,,,,RHAM,SPP,,
,unidentified sumac,Rhus spp.,TH,,,,,,,,,,RHUS.SPP,240,,,,,,,,,RHUS,SPP,,
sumac vinaigrier,staghorn sumac,Rhus typhina,TH,,,SH,,,,,,,RHUS.TYP,241,,,,,RHT,,,,RHUS,TYP,,
,Currant (gooseberries),Ribes ssp.,TH,,,,,53,,,,CU,RIBE.SPP,,,,,,RIB,,,,RIBE,SPP,,
Groseiller hérissé,smooth gooseberry,Ribes hirtellum,TH,,,,,,,,,,RIBE.HIR,243,,,,,,,,,RIBE,HIR,,
robinier faux-acacia,black locust,Robinia pseudoacacia,TH,,,,,,,,,,ROBI.PSE,244 / 242,,61,Lb,,ROP,,,,ROBI,PSE,,
,unidentified robinia,Robinia spp.,TH,,,,,,,,,,ROBI.SPP,245,,,,,,,,,ROBI,SPP,,
,prickly rose,Rosa acicularis,TH,,,,,,,,,,ROSA.ACI,339,,,,,ROA,,,,ROSA,ACI,,
Rosier aciculaire,prickly rose,Rosa acicularis ssp. sayi,TH,,,,,,,,,,ROSA.ACI.SAY,246,,,,,,,,,ROSA,ACI,SAY,
Ronce du mont Ida,wild red raspberry,Rubus idaeus,TH,,,,,55,,,,RB,RUBU.IDA,,,,,,RUI,,,,RUBU,IDA,,
Ronce du mont Ida,wild red raspberry,Rubus idaeus ssp. melanolasius,TH,,,,,,,,,,RUBU.IDA.MEL,247,,,,,,,,,RUBU,IDA,MEL,
,White Willow,Salix alba,TH,,,,,,,,,,SALI.ALB,,,63,,,,,,,SALI,ALB,,
saule pleureur doré,golden willow,Salix alba var. vitellina,TH,,,,,,,,,,SALI.ALB.VIT,319,,,,,,,,,SALI,ALB,VIT,
saule à feuilles de pêcher,Peach-leaved Willow,Salix amygdaloides,TH,,,WA,WI,,,,,,SALI.AMY,248,,1217,,,,,,,SALI,AMY,,
,Rusty Sallow,Salix atrocinerea,TH,,,,,,,,,,SALI.ATR,,,904,,,,,,,SALI,ATR,,
,Weeping Willow,Salix babylonica,TH,,,,,,,,,,SALI.BAB,,,64,,,,,,,SALI,BAB,,
saule de Bebb,Bebb willow,Salix bebbiana,TH,,,WB,,,,,,,SALI.BEB,249,,,,,,,,,SALI,BEB,,
saule discolore,pussy willow,Salix discolor,TH,,,WD,,,,,,,SALI.DIS,250,,,,,,,,,SALI,DIS,,
,Crack Willow,Salix fragilis,TH,,,,,,,,,,SALI.FRA,,,905,,,,,,,SALI,FRA,,
Saule humble,prairie willow,Salix humilis,TH,,,,,,,,,,SALI.HUM,251,,,,,,,,,SALI,HUM,,
,shining willow,Salix lucida,TH,,,WP,,,,,,,SALI.LUC,252,,,,,,,,,SALI,LUC,,
saule du Pacifique,Pacific willow,Salix lucida ssp. lasiandra,TH,,,,,,,,,,SALI.LUC.LAS,253,,,,,,,,,SALI,LUC,LAS,
saule brillant,shining willow,Salix lucida ssp. lucida,TH,,,,,,,,,,SALI.LUC.LUC,254,,,,,,,,,SALI,LUC,LUC,
,Yellow Willow,Salix lutea,TH,,,,,,,,,,SALI.LUT,,,906,,,,,,,SALI,LUT,,
,Mccall's Willow,Salix maccalliana,TH,,,,,,,,,,SALI.MAC,255,,1231,,,,,,,SALI,MAC,,
saule noir,Black Willow,Salix nigra,TH,,,,,,,,,,SALI.NIG,256,,1234,,,,,,,SALI,NIG,,
Saule pédiciellé,bog willow,Salix pedicellaris,TH,,,,,,,,,,SALI.PED,257,,,,,,,,,SALI,PED,,
,Bay-leaved Willow,Salix pentandra,TH,,,,,,,,,,SALI.PEN,,,907,,,,,,,SALI,PEN,,
,meadow willow,Salix petiolaris,TH,,,,,,,,,,SALI.PET,258,,,,,,,,,SALI,PET,,
,diamond leaf willow,Salix planifolia,TH,,,,,,,,,,SALI.PLA,259,,,,,,,,,SALI,PLA,,
saule baumier,Balsam willow,Salix pyrifolia,TH,,,,,,,,,,SALI.PYR,260,,,,,,,,,SALI,PYR,,
saule de Scouler,Scouler willow,Salix scouleriana,TH,,,WS,,,,,,,SALI.SCO,261,,,,,,,,,SALI,SCO,,
saule de Sitka,Sitka willow,Salix sitchensis,TH,,,WT,,,,,,,SALI.SIT,262,,,,,,,,,SALI,SIT,,
,unidentified willow,Salix spp.,TH,,,W,,38,SALIX,,,WI,SALI.SPP,263,,903,,WI,SAL,,13,WT / SAL,SALI,SPP,,
,Willow Osier,Salix viminalis,TH,,,,,,,,,,SALI.VIM,,,1246,,,,,,,SALI,VIM,,
sureau rouge du Pacifique,red-berry elder,Sambucus callicarpa,TH,,,,,,,,,,SAMB.CAL,264,,,,RB,,,,,SAMB,CAL,,
sureau blanc,american elder,Sambucus canadensis,TH,,,,,,,,,,SAMB.CAN,265,,,,,SAC,,,,SAMB,CAN,,
sureau bleu,blue-berry elder,Sambucus cerulea,TH,,,,,,,,,,SAMB.CER,266,,,,,,,,,SAMB,CER,,
sureau rouge,red elderberry,Sambucus racemosa,TH,,,,,57,,,,ER,SAMB.RAC,336,,,,,SAP,,,,SAMB,RAC,,
sassafras officinal,Sassafras,Sassafras albidum,TH,,,,,,,,,,SASS.ALB,268,,78,Ss,,,,,,SASS,ALB,,
sassafras,unidentified sassafras,Sassafras spp.,TH,,,,,,,,,,SASS.SPP,267,,,,,,,,,SASS,SPP,,
séquoia toujours vert,coast redwood,Sequoia sempervirens,TC,,,OC,,,,,,,SEQU.SEM,77,,,,,,,,,SEQU,SEM,,
séquoia géant,giant sequoia,Sequoiadendron giganteum,TC,,,OB,,,,,,,SEQU.GIG,78,,,,,,,,,SEQU,GIG,,
shépherdie agentée,silver buffalo-berry,Shepherdia argentea,TH,,,,,,,,,,SHEP.ARG,269,,,,,,,,,SHEP,ARG,,
shépherdie du Canada,soopolallie,Shepherdia canadensis,TH,,,,,,,,,,SHEP.CAN,270,,,,,SHP,,,,SHEP,CAN,,
sorbier d'Amérique,American mountain-ash,Sorbus americana,TH,,,,,,,,,MA,SORB.AME,271,,1092,,,SOA,,,SOA,SORB,AME,,
,Whitebeam,Sorbus aria,TH,,,,,,,,,,SORB.ARI,,,145,,,,,,,SORB,ARI,,
sorbier des oiseleurs,European mountain-ash,Sorbus aucuparia,TH,,,OD,,,,,,,SORB.AUC,320,,146,Ema,,SOU,,,,SORB,AUC,,
sorbier des montagnes,Showy mountain-ash  / Northern Mountain-ash,Sorbus decora,TH,,,,,,,,,,SORB.DEC,272,,1093,,SA,SOD,,,,SORB,DEC,,
sorbier,mountain-ash,Sorbus spp.,TH,,,,,,,,,,SORB.SPP,273,,1091,Am,AM,,,,,SORB,SPP,,
Spirée blanche,white meadowsweet,Spiraea alba,TH,,,,,,,,,,SPIR.ALB,274,,,,,SPY,,,,SPIR,ALB,,
lilas commun,Common lilac,Syringa vulgaris,TH,,,,,,,,,,SYRI.VUL,321,,,,,SYV,,,,SYRI,VUL,,
if commun,English yew,Taxus baccata,TC,,,,,,,,,,TAXU.BAC,79,,,,,,,,,TAXU,BAC,,
if de l'Ouest,western yew,Taxus brevifolia,TC,,,TW,,,,,,,TAXU.BRE,43,,,,,,,,,TAXU,BRE,,
if du Canada,Canada yew,Taxus canadensis,TC,,,,,,,,,GH,TAXU.CAN,44,,,,,TAC,,,,TAXU,CAN,,
,unidentified yew,Taxus spp.,TC,,,T,,,,,,,TAXU.SPP,45,,,,,,,,,TAXU,SPP,,
thuya occidental,Eastern White Cedar,Thuja occidentalis,TC,,,,EC,,,,,,THUJ.OCC,46,,22,Cw,CE,THO,,,EWC /THO,THUJ,OCC,,
thuya occidental,Eastern White Cedar,Thuja occidentalis,TC,,,,,,,,,,THUJ.OCC,,,24,Ce,,,,,,THUJ,OCC,,
,Western Red Cedar,Thuja plicata,TC,,,CW,,48,,,,,THUJ.PLI,,,109,,,,,,,THUJ,PLI,,
,unidentified thuja,Thuja spp.,TC,,,C,,,,,,,THUJ.SPP,48,,,,,,,,,THUJ,SPP,,
tilleul d'Amérique,Basswood (American),Tilia americana,TH,,,,BD,14,TIAM,,,BW,TILI.AME,275,,51,Bd,LI,TIL,,,,TILI,AME,,
,Little-leaf Linden,Tilia cordata,TH,,,,,,,,,,TILI.COR,,,150,Ll,,,,,,TILI,COR,,
,Big-leaf Linden,Tilia platyphyllos,TH,,,,,,,,,,TILI.PLA,,,166,Bl,,,,,,TILI,PLA,,
,unidentified linden,Tilia spp.,TH,,,,,,,,,,TILI.SPP,276,,,,,,,,,TILI,SPP,,
sumac à veris,poison-sumac,Toxicodendron vernix,TH,,,,,,,,,,TOXI.VER,277,,,,,TOV,,,,TOXI,VER,,
pruche du Canada,Eastern hemlock,Tsuga canadensis,TC,,,,,,,,,,TSUG.CAN,49,,19,He,HE,PRU,,,,TSUG,CAN,,
pruche de l'Ouest,western hemlock,Tsuga heterophylla,TC,,,HW,,,,,,,TSUG.HET,50,,,,,,,,,TSUG,HET,,
pruche subalpine,mountain hemlock,Tsuga mertensiana,TC,,,HM,,,,,,,TSUG.MER,51,,,,,,,,,TSUG,MER,,
,mountain x western hemlock hybrid,Tsuga mertensiana x heterophylla,TC,,,HXM,,,,,,,TSUG.MER.HET,52,,,,,,,,,TSUG,MER,HET,
,unidentified hemlock,Tsuga spp.,TC,,,H,,,,,,,TSUG.SPP,53,,,,,,,,,TSUG,SPP,,
orme d'Amérique,White elm / American elm,Ulmus americana,TH,,Ulmus americana,,EL,,,,,WE,ULMU.AME,278,,50,Ew,EM,ORA,WE,,,ULMU,AME,,
orme de Sibérie,Siberian elm,Ulmus pumila,TH,,,OE,,,,,,,ULMU.PUM,322,,,,,ORS,,,,ULMU,PUM,,
orme rouge,Red elm / Slippery elm,Ulmus rubra,TH,,,,,,,,,,ULMU.RUB,279,,169,Er,,ORR,,,,ULMU,RUB,,
,unidentified elm,Ulmus spp.,TH,,,,,11,,,,,ULMU.SPP,280,,49,Em,,,,,,ULMU,SPP,,
orme liège,Rock Elm,Ulmus thomasii,TH,,,,,,,,,,ULMU.THO,281,,170,Eu,,ORT,,,,ULMU,THO,,
,northern wild-raisin (withe-rod),Viburnum cassinoides,TH,,,,,61,,,,,VIBU.CAS,282,,,,WR,VIC,,,WR / VIC,VIBU,CAS,,
Viorne comestible,squashberry viburnum,Viburnum edule,TH,,,,,,,,,,VIBU.EDU,283,,,,,VIE,,,,VIBU,EDU,,
,hobblebush,Viburnum lantanoides,TH,,,,,60,,,,HO,VIBU.LAN,284,,,,,VIL,,,,VIBU,LAN,,
viorne flexible,nannyberry,Viburnum lentago,TH,,,,,,,,,,VIBU.LEN,285,,,,,VIB,,,,VIBU,LEN,,
viorne obier,European cranberry viburnum,Viburnum opulus,TH,,,,,,,,,,VIBU.OPU,323,,,,,,,,,VIBU,OPU,,
,downy arrowwood,Viburnum rafinesqueanum,TH,,,,,,,,,,VIBU.RAF,286,,,,,VIQ,,,,VIBU,RAF,,
viorne,viburnum,Viburnum spp.,TH,,,,,,,,,,VIBU.SPP,287,,,,,,,,,VIBU,SPP,,
viorne trilobee,cranberry viburnum,Viburnum trilobum,TH,,,,,,,,,HC,VIBU.TRI,288,,,,,VIT,,,,VIBU,TRI,,
Vigne de rivages,riverbank grape,Vitis riparia,TH,,,,,,,,,,VITI.RIP,289,,,,,VIR,,,,VITI,RIP,,
clavalier d'Amérique,common prickly-ash,Zanthoxylum americanum,TH,,,,,,,,,,ZANT.AME,290,,,,,ZAA,,,,ZANT,AME,,
Autre,Unknown species / other,,,Uk,,X,,84,_TREE,,,,UNKN.SPP,0,0,0,,,INC,DU / 8,,UNK / INC,UNKN,SPP,,
,Species all (sort 1),,,,,Z,,,,,,,UNKN.SPP,,,98,,,NCO,,,,UNKN,SPP,,
,Unknown conifer species,,TC,,,Zc,,,,,,,GENC.SPP,1,,29,C,,RES,9,,,GENC,SPP,,
,Unidentified conifer,,TC,,,XC,,,,,,,GENC.SPP,80,,990,,,,,,,GENC,SPP,,
,Unknown decidious / hardwood,,TH,,Unknown Deciduous,XH,,,,OH,,,GENH.SPP,324,,991,,,,10,,,GENH,SPP,,
,unidentified decidious / hardwood,,TH,,Unknown Deciduous,ZH,,,,,,,GENH.SPP,291,,99,,,FEU,14,,,GENH,SPP,,
,unidentified exotic,,,,,,,,,,,,UNKN.SPP,337,,,,,,,,,UNKN,SPP,,
Bouleau du Japon,Japanese Birch,Betula platyphylla var. japonica,TH,,,,,,,jB,,,BETU.PLA.JAP,,,,,,,,,,BETU,PLA,JAP,
douglas,unidentified Douglas-fir,Pseudotsuga spp.,TC,,,F,,,,,,,PSEU.SPP,,,,,,,,,,PSEU,SPP,,
hybride d'épinette,spruce hybrid,Picea cross,TC,,,SX,,,,,,,PICE.SPP.X,,,,,,,,,,PICE,SPP,X,
gadellier glanduleux,skunk currant,Ribes glandulosum,TH,,,,,,,,,,RIBE.GLA,,,,,,RIG,,,,RIBE,GLA,,
gadellier lacustre,bristly black currant,Ribes lacustre,TH,,,,,,,,,,RIBE.LAC,,,,,,RIL,,,,RIBE,LAC,,
gadellier amer,swamp red currant,Ribes triste,TH,,,,,,,,,,RIBE.TRI,,,,,,RIT,,,,RIBE,TRI,,
gadellier américain,unidentified currant,Ribes spp.,TH,,,,,,,,,,RIBE.SPP,,,,,,RIA,,,,RIBE,SPP,,
ronce des Alléghanys,unidentified blackberry or raspberry,Rubus spp.,TH,,,,,,,,,,RUBU.SPP,,,,,,RUA,,,,RUBU,SPP,,
ronce odorante,purple-flowering raspberry,Rubus odoratus,TH,,,,,,,,,,RUBU.ODO,,,,,,RUD,,,,RUBU,ODO,,
framboisier noir,unidentified blackberry or raspberry,Rubus spp.,TH,,,,,,,,,,RUBU.SPP,,,,,,RUO,,,,RUBU,SPP,,
chèvrefeuille hirsute,unidentified honeysuckle,Lonicera spp.,TH,,,,,,,,,,LONI.SPP,,,,,,LOH,,,,LONI,SPP,,
myrique baumier,sweet gale,Myrica gale,TH,,,,,,,,,,MYRI.GAL,,,,,,MYG,,,,MYRI,GAL,,
comptonie voyageuse,sweet-fern,Comptonia peregrina,TH,,,,,,,,,,COMP.PER,,,,,,COP,,,,COMP,PER,,
spirée tomenteuse,steeplebush,Spiraea tomentosa,TH,,,,,,,,,,SPIR.TOM,,,,,,SPT,,,,SPIR,TOM,,
spirée à larges feuilles,broadleaf meadowsweet,Spiraea latifolia,TH,,,,,,,,,,SPIR.LAT,,,,,,SPL,,,,SPIR,LAT,,
kalmia à feuilles étroites,sheep laurel,Kalmia angustifolia,TH,,,,,,,,,,KALM.ANG,,,,,,KAA,,,,KALM,ANG,,
bleuet,unidentified blueberry,Vaccinium spp.,TH,,,,,,,,,,VACC.SPP,,,,,,VAS,,,,VACC,SPP,,
cassandre caliculé,leatherleaf,Chamaedaphne calyculata,TH,,,,,,,,,,CHAM.CAL,,,,,,CAL,,,,CHAM,CAL,,
kalmia à feuilles d'andromède,bog laurel,Kalmia polifolia,TH,,,,,,,,,,KALM.POL,,,,,,KAP,,,,KALM,POL,,
Rubus sp.,unidentified blackberry or raspberry,Rubus spp.,TH,,,,,,,,,,RUBU.SPP,,,,,,RUS,,,,RUBU,SPP,,
chèvrefeuille,unidentified honeysuckle,Lonicera spp.,TH,,,,,,,,,,LONI.SPP,,,,,,LOS,,,,LONI,SPP,,
andromède glauque,bog rosemary,Andromeda glaucophylla,TH,,,,,,,,,,ANDR.GLA,,,,,,ANG,,,,ANDR,GLA,,
rhododendron du Canada,rhodora,Rhododendron canadense,TH,,,,,,,,,,RHOD.CAN,,,,,,RHC,,,,RHOD,CAN,,
rosier,unidentified rose,Rosa spp.,TH,,,,,,,,,,ROSA.SPP,,,,,,ROS,,,,ROSA,SPP,,
herbe à puce,poison ivy,Toxicodendron radicans,TH,,,,,,,,,,TOXI.RAD,,,,,,RHR,,,,TOXI,RAD,,
viorne à feuilles d'érables,mapleleaf viburnum,Viburnum acerifolium,TH,,,,,,,,,,VIBU.ACE,,,,,,VIF,,,,VIBU,ACE,,
parthénocisse à cinq folioles,Virginia creeper,Parthenocissus quinquefolia,TH,,,,,,,,,,PART.QUI,,,,,,PAQ,,,,PART,QUI,,
camarine noire,black crowberry,Empetrum nigrum,TH,,,,,,,,,,EMPE.NIG,,,,,,EMN,,,,EMPE,NIG,,
clématite verticillée,purple clematis,Clematis occidentalis,TH,,,,,,,,,,CLEM.OCC,,,,,,ATA,,,,CLEM,OCC,,
bourreau-des-arbres,American bittersweet,Celastrus scandens,TH,,,,,,,,,,CELA.SCA,,,,,,CES,,,,CELA,SCA,,
espèces non commerciales indifférenciées,non-commercial species (undifferentiated),,,,,,,,,,,,UNKN.SPP,,,,,,NCI,,,,UNKN,SPP,,
arbuste inconnu,unknown shrub,,,,,,,,,,,,UNKN.SPP,,,,,,X01,,,,UNKN,SPP,,
spirée,unidentified meadowsweet,Spiraea spp.,TH,,,,,,,,,,SPIR.SPP,,,,,,SPA,,,,SPIR,SPP,,
