General,specific_treatment1,specific_treatment2,specific_treatment3,description,treat_vs_dist,magp_codes,ns_treatmenttype,on_treattypecode,on_distbtypecode,nfi_treat_type,nfi_dist_agent,nt_treatcode,nt_treatlabel,nt_distcode,nt_distlabel,ab_codes,ab_disturbance_code,bc_codes,cli_trt_codes,cli_trt_codes_old,nb_codes,sk_codes,qc_perturbation,,pei_spacing,mb_standtype,nl_silviculturecode,nl_disturbancecode,nl_notes_OG
Stand tending,Stand tending,,,,T,T,,5,,,,,,,,,,,,,,,,,,,,,
,Thinning,Thinning,,,T,TT,3,,,,,,,,,,,THINNED,,,,,DEP,,,,,,
,,Pre-commercial thinning/Spacing,,"Juvenile thinning, Juvenile spacing, spacing, and pre-commercial thinning generally refers to cuttings  made in immature stands with the objective of reducing stand density in order to stimulate the growth of the remaining crop",T,TTP,5,14,,PT,,"5,7","Juvenile Spacing, Pre-commerical Thinning",,,PC,,,PCT,TI,23,,"EPC, EPC_PUITS, EPR, EPC_SYS",,NELDER,,PCT,,
,,Pre-commercial thinning/Spacing,,"Juvenile thinning, Juvenile spacing, spacing, and pre-commercial thinning generally refers to cuttings  made in immature stands with the objective of reducing stand density in order to stimulate the growth of the remaining crop",T,TTP,,,,JS,,,,,,,,,,,,,,,,,,,
,,Selective thinning,,,T,TTS,,,,,,,,,,,,,,,,,"EC_SEL, ESI, EJ",,,,DLT,,
,,Commercial thinning,,Commercial thinning is an intermediate harvest where the merchantable wood removed should cover part or all of the cost of harvesting. ,T,TTM,6,15,,CT,,8,Commerical Thinning,,,CT,,,CT,"CT,IT","11, 17",,"EC, ECE",,,,CT,,
,Pruning,Pruning,,,T,TP,,26,,PR,,6,Pruning,,,,,,,,,,,,,,,,
,,Dry pruning,,Pruning of dead branches,T,TPD,,,,,,,,,,,,,,,,,,,,,,,
,,Green pruning,,Pruning of living branches,T,TPG,,,,,,,,,,,,,,,,,,,,,,,
,Cleaning (brushing and weeding),Cleaning,,,T,TC,,,,CL,,4,Cleaning,,,,,,CL,CL,22,,"DEG, NET",,,,,,
,,Mechanical cleaning,,Manual /mechanical means of tending,T,TCM,,,,,,,,,,TW,,,,,,,DRM,,,,,,
,,Chemical cleaning,,"Apply chemical spray (e.g., herbicide) to the competing trees in order to release the crop trees (chemical tending)",T,TCC,,"1,2",,,,12,Herbicide,,,TH,,,,,,,DRC,,,,H,,
,Fertilization,Fertilization (general ammendments),,,T,TF,,4,,FT,,9,Fertilization,,,F,,,,,,,FER,,,,,,
,,copper,,,T,TFC,,,,,,,,,,,,,,,,,,,CU,,,,
,,zink,,,T,TFZ,,,,,,,,,,,,,,,,,,,ZN,,,,
,,gypsum,,,T,TFG,,,,,,,,,,,,,,,,,,,GY,,,,
Site preparation,Site preparation,,,,T,S,,20,,,,10,Site Preparation,,,,,,,,,,,,,,,,
,,Chemical,,,T,SC,,,,HC,,,,,,C,,,,,,,,,,,,,
,,Mechanical,,"including residual removal, work vehicle disturbances",T,SM,,"6,7,17,18",,SP,,,,,,M,,,,,,,,,,,,,
,,Mechanical,Mechanical - residual tree removal,,T,SMR,,,,,,,,,,,,,,RR,3,,ETR,,,,,,
Burning,Burning,,,,D,F,,,1,,FIRE,,,1,Fire,,,,,,7,,,,,,,Y,B refer to burning or bilogical?
,Total burn,,,,D,FT,,,,,,,,,,,DF,,,,,,BR,,,,,,
,"Partial burn, light burn",,,,D,FP,,,,,,,,,,,BU,,,"BB, PB",8,,"BP, BRL, BRP",,,,,,
,Controlled / prescribed burn,,,,T,FC,,"8,9",,PB,,11,Prescribed Burn,,,B,,,,,,,"BRD, BRU",,,,PB,,
Regeneration (afforestation/reforestation),Regeneration,,,"Renewal of tree crops by direct seeding, planting seedlings, or cuttings as well as natural regeneration",T,R,,,,,,,,,,,,,,,,,,,,,,,
,natual regeneration,delimbing site,,,T,RND,1,,,,,,,,,,,,,,,,REA,,,,,,
,,abandonned infrastructure site,,,T,RNI,,,,,,,,,,,,,,,,,RIA,,,,,,
,,fallow land,,i.e. 'friche' en français,T,RNF,,,,,,,,,,,,,,,,,FR,,,,,,
,,agricultural land,,i.e. 'Agricole' in french,T,RNA,,,,,,,,,,,,,,,,,AG,,,,,,
,,alder stand,,i.e. 'Aulnaie' in french,T,RNS,,,,,,,,,,,,,,,,,AL,,,,,,
,,backlog / partial backlog land,backlog / partial backlog - dry site,forest land areas where silviculture treatments such as planting and site preparation are overdue after site was cleared (by harvesting or fire) (in French: Dénudé et semi-sénudé),T,RNBD,,,,,,,,,,,,,,,,,DS,,,,,,
,,backlog / partial backlog land,backlog / partial backlog - humid site,forest land areas where silviculture treatments such as planting and site preparation are overdue after site was cleared (by harvesting or fire) (in French: Dénudé et semi-sénudé),T,RNBH,,,,,,,,,,,,,,,,,DH,,,,,,
,Planting,,,,T,RP,2,19,,,,,,,,P,,,,UP,,,"P, PL",,,,P,,
,,Full planting,,,T,RPF,,,,,,,,,,,,,PLT,PL,18,,,,,,,,
,,,Cutting,,T,RPFC,,,,,,,,,,,,,,,,,PLB,,,,,,
,,,Bare root seedlings,,T,RPFB,,11,,,,,,,,,,,,,,,PLN,,,,,,
,,,Containerized seedlings,,T,RPFS,,10,,,,,,,,,,,,,,,PLR,,PLANTATION,,,,
,,Fill planting,,"e.g., secondary regeneration effort (ON)",T,RPI,,16,,,,,,,,FI,,,,FP,19,,PL_REG,,,,GP,,
,,,Cutting,,T,RPIC,,,,,,,,,,,,,,,,,"RRB, PLB",,,,,,
,,,Bare foot seedlings,,T,RPIB,,,,,,,,,,,,,,,,,RRN,,,,,,
,,,Containerized seedlings,,T,RPIS,,,,,,,,,,,,,,,,,RRR,,,,,,
,,,Regenerated forests,,T,RPIR,,,,,,,,,,,,,,,,,"RR, RRG, RRP, PRR",,,,,,
,,Entrichment planting,,,T,RPE,,,,,,,,,,,,,,,,,"ENR, PL_ENR",,,,,,
,Seeding,,,,T,RS,,,,,,,,,,,,,,,,,ENS,,,,,,
,,Aerial seeding,,,T,RSA,,12,,,,,,,,SA,,,,,,,,,,,AS,,
,,Mechanical / hand seeding,,,T,RSM,,,,,,,,,,SM,,,,,,,,,,,,,
,,Partial seeding,,,T,RSP,,,,,,,,,,,,,,,,,ENP,,,,,,
,,Seeding with mini greenhouse,,,T,RSG,,,,,,,,,,,,,,,,,ENM,,,,,,
,,Precision seeding,,,T,RSR,,13,,,,,,,,,,,,,,,,,,,,,
Cutting / harvesting,Cutting,,,,T/D,C,4,,,,OTHER-HARVEST / LOGGING,,,,,HL,,,,,,,,,,MAN,,X,
,Clearcut,,,An area of forest land from which all merchantable trees have recently been harvested. ,T,CC,,,,CC,OTHER-CLEARING,1,Clear-cut,,,H,,,CC,CC,1,,"CT, CTSP_BA, CTSP_DA, CTSP_PA, CTSP_T, CTSP_U, CTX",,,,,,
,Pre-selection cutting,,,,T,CP,,,,,,,,,,,,,,,,,CEA,,,,,,
,Selection cutting,,,,T,CL,,,,,,,,,,,,,,SC,13,,"CJ, CPPTM_DIS, CPPTM_U, CD, CDL",,,,,,
,,selection cutting with cleaning,,,T,CLC,,,,,,,,,,,,,,,,,DLD,,,,,,
,,Strip selection cutting,,"Removal of the crop in strips in more than one operations, generally for encouraging desired natural regeneration or protecting fragile sites.",T,CLS,,,,,,,,,,UP,,,,ST,12,,"CB, CBA, CBT, CJB, RBV, RPLB, ECL",,,,,,
,,Single tree selection,,,T,CLT,,,,,,,,,,,,,,,,,,,,,,,
,,Group selection cutting,,,T,CLG,,,,,,,,,,,,,,SR,16,,"CTR, CJT, CPRS_T, CDV, CPT",,,,,,
,,Single tree or group selection,,,T,CLN,,,,,,,,,,,,,,,,,"CJG, CJPG",,,,,,
,,Patch selection cutting,,,T,CLP,,,,,,,,,,,,,,PA,10,,"CJP, CPRS_PA",,,,,,
,,Partial cutting,,,TD,CLR,,,,PC,,2,Partial-cut,,,,HL,,PC,PC,6,,"CE, CP, CPI, CPX, CL",,NAT PC,,,,
,,Understory avoidance,,Removal of mature trees while damage to the understory is kept to a minimum.,T,CLU,,,,,,,,,,UA,,,,,,,,,,,,,
,,Regeneration protection,,,T,CLE,,,,,,,,,,,,,,RC,2,,"CPH, CPHRS, CPR, CPRS_BA, CPRS_DA, CPRS_U",,,,,,
,,Stand conservation,,,T,CLD,,,,,,,,,,,,,,,,,CON,,,,,,
,,sanitation cutting,,"The removal of dead, damaged, or susceptible trees or less desirable trees",T,CLA,,,,,,,,,,,,,,,,,"CA, CAS, CAM",,,,,,
,,two-pass cutting,,,T,CLW,,,,,,,,,,,,,,TP,15,,,,,,,,
,,harvesting of green-tree retention (residual stems) and cull trees,,in French: 'Récolte des tiges résiduelles et des rebuts',T,CLL,,,,,,,,,,,,,,,,,CRR,,,,,,
,,Selection - improvement,,removal of low quality stems from any species and size classes with the intent of improving overall stand quality,T,CLI,,21,,,,,,,,,,,,,,,,,,,,,
,,Selection - harvest,,periodic removal of a portion of a stands basal area targeting stems on the basis of vigour and risk characteristics without compromising long-term stand quality and value,T,CLH,,22,,,,,,,,,,,,,,,,,,,,,
,Shelterwood cutting,,,"Any regeneration cutting in a more or less regular and mature crop, designed to establish a new crop under the protection (overhead or side) of the old, or where the resultant crop will be more or less regular.",T,CS,,,,,,,,,,S,,,,SH,14,,"CPC, CPE, CPF, CPM",,,,,,
,,Irregular sheltwood cutting,,,T,CSI,,,,,,,,,,,,,,,,,"CIF, CIP",,,,,,
,,,Continuous ,,T,CSIC,,,,,,,,,,,,,,,,,"CPI_CP, PCP",,,,,,
,,,Expanding,,T,CSIP,,,,,,,,,,,,,,,,,"CPI_TA, PTA",,,,,,
,,,Extended,,T,CSIT,,,,,,,,,,,,,,,,,"CPI_RL, CPI_RL_F",,,,,,
,,Uniform shelterwood cutting,,,T,CSU,,,,,,,,,,,,,,,,,"CPR_U, CPR_U-F",,,,,,
,,Strip shelterwood cutting,,,T,CSS,,,,,,,,,,,,,,,,,CPR_BA,,,,,,
,,Group shelterwood cutting,,,T,CSG,,,,,,,,,,,,,,,,,CPR_T,,,,,,
,,seed-tree cutting (reserve cutting),,a type of cut that removes trees except those needed for regeneration and reserve trees,T,CSE,,,,,,,,,,,,,,"SE,SD",9,,"CEF, CPS, CRS",,,,,,
,,Shelterwood overstorey removal,,one or more cuts that occur when the understorey is sufficiently established and ready for release,T,CSO,,24,,,,,,,,,,,,,,,,,,,,,
,,Shelterwood prep and seed cut,,create conditions suitable for natural regeneration to occur from seed by removing understorey and diseased stems and sufficient overstorey to create good light penetration,T,CSC,,23,,,,,,,,,,,,,,,,,,,,,
,Fuelwood cutting,,,,T,CF,,,,,,,,,,,,,,FW,4,,,,,,,,
,Salvage cutting,,,,T,CV,,,,,,,,,,,,,,SA,5,,"PSP, RPS",,,,,,
,,After blowdown,,,T,CVB,,,,,,,,,,,,,,,,,"RECUP_C-P, RECUP_C-T",,,,,,
,,After fire,,,T,CVF,,,,,,,,,,,,,,,,,"CRB, RBP, RECUP_F-P, RECUP_F-T",,,,,,
,,After insect infestation,,,T,CVI,,,,,,,,,,,,,,,,,"RECUP_I-P, RECUP_I-T",,,,,,
,,After disease,,,T,CVD,,,,,,,,,,,,,,,,,"RECUP_M-P, RECUP_M-T",,,,,,
,Succession cutting,,,,T,CU,,,,,,,,,,,,,,,,,CS,,,,,,
,Mechanical damage from forestry operations,,,,D,CM,,,,,OTHER-MECHANICAL,,,,,,,,,,,,,,,,,M,
Other,Other ,,,This includes 'plantation maintenance',TD,O,,,,OT,OTHER / OTHER-UNDEFINED,13,Other,8,Other,,,,,,,,,,,,PM,,"or magp_code""RP==Planting""?"
,Anthropogenic,,,,D,OA,,,7,,,,,,,,MA,,,,,,,,,,,,
,Drainage ,,,Treatment used to channel excess water off site,T,OR,,3,,,,,,,,D,,,,,,,DR,,,,,,
,Deforestation,general man-made deforestation,,,D,OD,,,,DC,OTHER-LINEAR,3,Deforestation,,,,DA,,,,,,,,,,,,
,,seismic,,,D,ODS,,,,,OTHER-SEISMIC,,,,,,MLU,,,,,,,,,,,,
,,pipeline,,,D,ODP,,,,,OTHER-PIPELINE,,,,,,,,,,,,,,,,,,
,,road,,,D,ODR,,,,,OTHER-ROAD,,,,,,,,,,,,RO,,,,,,
,,trail,,,D,ODT,,,,,OTHER-TRAIL,,,,,,,,,,,,,,,,,,
,,agriculture/pasture,,,D,ODA,,,,,OTHER-PASTURE or CULTIVATION,,,,,,,,,,,,,,,,,,
,Family test,,,,T,OT,,,,,,,,,,,,,,FT,20,,,,,,,,
,Progeny test,,,,T,OP,,,,,,,,,,,,,,PT,21,,,,,,,,
,Sugar bush,,,"It describes a hardwood stand (typically hard maple, but occasionally birth) that has been or is currently being managed for syrup production",T,OS,,25,,,,,,,,,,,,,,,,,,,,,
,Girdling,,,"A silvicultural treatment designed to slowly kill a tree, generally by cutting a continuous incision around a living stem to disrupt the flow of nutrients and photosynthetic products",T,OG,,27,,,,,,,,,,,,,,,,,,,,,
No treatment ,No treatment,,,,,NO,,,,,,14,None,,,NT,,UNTREATED,,,,,,,,NAT,,,
No disturbance,,,,,,ND,,,,,NONE,,,10,None,,,,,,,,,,,,,,
Abiotic,general abiotic,,,,D,A,,,,,OTHER-ABIOTICCONDITION,,,,,,,,,,,,,,,,,,
,soil,general soil disturbance,,,D,AS,,,,,OTHER-SOIL,,,,,,,,,,,,,,,,,,
,,erosion,,,D,ASR,,,,,OTHER-EROSION,,,6,Erosion,,,,,,,,,,,,,,
,,avalange / landslide,,,D,ASA,,,,,OTHER-LANDSLIDE,,,,,,,,,,,,,,,,,,
,weather/climate,weather/climate,,,D,AW,,,,,OTHER-NEARWOODCUT or SUDDENOPENING,,,,,,NDC,,,,,,,,,,,,
,,total destruction from weather/climate,,,D,AWT,,,,,,,,,,,,,,,,,,,,,,,
,,flood/water,,,D,AWF,,,,,"OTHER-FLOOD, FLOODING, or INDUDATION",,,,,,NDW,,,,,,EA,,,,,,
,,windthrow/wind,,,D,AWW,,,,,WIND,,,2,Wind,,,,,WD,,,CH,,,,,W,
,,windthrow/wind,windthrow/wind - partial or light,,D,AWWP,,,2,,,,,,,,,,,,,,"CHL, CHP, HP",,,,,,
,,windthrow/wind,windthrow/wind - total,,D,AWWT,,,,,,,,,,,,,,,,,CHT,,,,,,
,,snow,,,D,AWS,,,6,,SNOW,,,3,Snow,,,,,,,,,,,,,,
,,ice / frost,,,D,AWI,,,,,"ICE, CRYOTURBATION, FROST",,,7,Ice,,,,,,,,,,,,,,
,,ice / frost,ice / frost - partial damage,,D,AWIP,,,3,,,,,,,,,,,,,,"VEP, VEL",,,,,,
,,ice / frost,ice / frost - severe damage,,D,AWIT,,,,,,,,,,,,,,,,,VER,,,,,,
,,drought,,,D,AWD,,,,,OTHER-DRY or DROUGHT,,,,,,,,,,,,,,,,,,
biological,general biotic,,,Including natural defoliation (AB),D,B,,,,,OTHER-BIOTIC,,,,,,ND,,,,,,,,,,,,
,disease/insect,,,,D,BDI,,,,,,,,,,,NDI,,,,,,,,,,,,
,disease/insect,disease/insect - light epidemic,,,D,DBIL,,,,,,,,,,,,,,,,,"EL, ETL",,,,,,
,disease/insect,disease/insect - severe epidemic,,,D,DBIS,,,,,,,,,,,,,,,,,ES,,,,,,
,disease,,,,D,BD,,,4,,DISEASE,,,5,Disease,,,,,,,,,,,,,,
,insect,,,Including natural mountain pine beetle (MPB) damage,D,BI,,,5,,INSECT,,,4,Insect,,NDM,,,,,,,,,,,Z,
,plant ,competition,,,D,BPC,,,,,OTHER-LIGHTCOMPETITION,,,,,,,,,,,,,,,,,V,*new created code
,,mechanical damage (e.g. from falling tree),,,D,BPM,,,,,OTHER-TREEFALLING,,,,,,,,,,,,,,,,,,
,animal,Includes tree browsing,,,D,BA,,,,,Tree browsing by animals,,,,,,,,,,,,,,,,,B,
,,moose,,,D,BAM,,,,,OTHER-MOOSE,,,,,,,,,,,,,,,,,,
,,porcupine,,,D,BAP,,,,,OTHER-PORCUPINE,,,,,,,,,,,,,,,,,,*new created code
,,deer,,,D,BAD,,,,,OTHER-DEER,,,,,,,,,,,,,,,,,,
,,beaver,,,D,BAB,,,8,,OTHER-BEAVER,,,,,,,,,,,,,,,,,,
,,cattle,,,D,BAC,,,,,OTHER-CATTLE,,,,,,,,,,,,,,,,,,
Missing,Missing,,,,D,M,,,,,,,,,,,MI,,,,,,,,,,,,
Unknown,unknown,,,treatment:It is not known if the plot was treated or not /  disturbance: disturbance evident but cause unknown,TD,U,7,28,,,UNKNOWN,,,9,Unknown,NK,MU,,,UK,,,,,,,,,
,senescence / defoliation ,,,,D,US,,,,,OTHER-SENESCENCE,,,,,,NDD,,,,,,,,,,,,
,dieback / decline,,,,D,UD,,,,,OTHER-DIEBACK,,,,,,,,,,,,,,,,,,
,dieback / decline,dieback / decline - partial / light,,,D,UDP,,,,,,,,,,,,,,,,,"DL, DP",,,,,,
,dieback / decline,dieback / decline- total,,,D,UDT,,,,,,,,,,,,,,,,,DT,,,,,,
